package com.example.railpnr;

public class EveryString 
{
	String[] stationCodes=
		{"ABU ROAD ABR","adilabad adb","ADONI AD","ADRA ADRA","AGARTALA AGTL","AGRA FORT AF","AGRA CANTT. AGC","AHMADNAGAR ANG","AHMEDABAD ADI","AJMER AII","Ajni AJNI","AKOLA AK","ALIGARH ALJN","ALIPURDUAR Jn. APDJ",
			"ALLAHABAD ALD","ALAPPUZHA ALLP","ALNAWAR Jn. LWR","ALUVA AWY","ALWAR AWR","AMALNER AN","AMB ANDAVRA AADR","AMBALA CANTT. UMB","AMBIKAPUR abkp","AMLa Amla","AMRITSAR ASR","ANAKAPALLE AKP","ANAND ANND","ANAND NAGAR ANDN",
			"ANAND VIHar Terminus ANVT","ANANTAPUR ATP","ANGUL ANGL","ANNAVARAM ANV","ANUPPUR apr","ARA ARA","ARAKKONAM AJJ","ARSIKERE ASK","ASANSOL ASN","AUNRIHAR ARJ","AURANGABAD AWB","AYODHYA AY","AZAMGARH AMH","AZIMGANJ Jn. AZ",
			"BADARPUR BPB","BADNERA Jn. BD","BAGALKOT Bgk","BAGHPAT ROAD BPM","BAIDYANATHDHAM BDME","BAKTHIYARPUR bKP","BALASORE BLS","BALAGHAT BTC","BALANGIR blgr","baluGAON BAlU","BALURGHAT BLGT","BALHARSHAH BPQ","BALLIA BUI",
			"BANARHAT BNQ","BANDA Jn. BNDA","BANDEL Jn. BDC","BANDIKUI Jn. BKI","BANdra (T) Bdts","BANGALORE CITY SBC","BANGALORE CANTT. BNC","BANGARAPET BWt","bangriposi bgy","BANKURA BQA","BANMANKHI BNKI","BAPATLA BPP",
			"BARABANKI Jn. BBK","BARaBIL BBN","BARAN BAZ","BARAUNI Jn. BJU","BARAUT BTU","BARAPALLI brPL","BARDDHAMAN Jn. BWN","BAREILLY BE","BARGARH ROAD BRGA","BARHNI BNY","BARKAKANA BRKA","BARMER BME","BAROG BOF","BARSOI BOE",
			"BARWADIH BRWD","BASAR BSX","BASTI BST","BAThINDA Jn. BTI","BAYANA BXN","BEAS BEAS","BEAWAR BER","BELAPUR BAP","BELGAUM BGM","BELLARY Jn. BAY","BETTIAH BTH","BETUL BZU","BHADOHI BOY","BHADRAK BHC","BHAGALPUR BGP",
			"Bhagat Ki Kothi BGKI","BHARATPUR BTE","BHARUCH BH","BHATAPARA BYT","BHATKAL BTJL","BHATNI BTT","BHAVNAGAR (t) BVC","BHAWANIPATNA BWPI","BHILWARA BHL","BHIMAVARAM Jn. BVRM","BHIMAVARAM TOWN BVRT","BHIND BIX","BHIWANI BNW",
			"BHOPAL BPL","BHUBANESWAR BBS","BHUJ BHUJ","BHUSAVAL BSL","BIJAPUR BJP","BIJNOR BJO","BIKANER BKN","BILASPUR jn. BSP","BINA BINA","BINNAGURI BNV","BIRUR RRB","BITRAGUNTA BTTR","biyavara rajgarh brrg","BOBBILI VBL","BOINDA bONA",
			"Barapalli brpl","baghbahar bgbr","BOKARO STEEL CITY BKSC","bOLPUR SHANTINIKETAn bhp","BORIVALI BVI","BOTAD BTD","BUDAUN BEM","bundi budi","BURHANPUR BAU","BURHWAL BUW","BUXAR BXR","CANACONA CNO","CHAKIA CAA",
			"CHAKKI BANK CHKB","CHAKRADHARPUR CKP","CHALISGAON CSN","CHAMPA CPH","CHANDAUSI CH","chanderiya cna","CHANDIGARH CDG","CHANDIL CNI","CHANDRAPUR CD","CHANDRAPURA CRP","CHAPARMUKH CPK","cHATRAPUR CAP","CHENGALPATTU Jn. CGL",
			"CHENGANNUR CNGR","CHENNAI CENTRAL MAS","CHENNAI EGMORE MS","CHHAPRA CPR","CHHINDWARA cwa","CHIDAMBARAM CDM","CHIKJAJUR JRU","CHIPLUN CHI","CHIRALA CLX","CHITRAKOOTDHAM KARVI CKTD","CHITTARANJAN CRJ","CHITTAURGARH COR",
			"CHITTOOR CTO","CHOPAN CPU","CHUNAR CAR","CHURU CUR","COIMBATORE Jn. CBE","coonoor ONR","CUDDALORE PORT CUPJ","CUDDAPAH HX","CUTTACK CTC","DADAR DR","DAHANU ROAD DRD","DAHOD DHD","DALGAON DLO","DALTONGANJ DTO",
			"DALLIRAJHARA DRZ","DAMOH DMO","DANAPUR DNR","DARBHANGA DBG","DAUND DD","DAVANGERE DVG","DEHRADUN DDN","DEHRI-ON-SONE DOS","DELHI DLI","NEW DELHI NDLS","DELHI CANTT. DEC","DELHI SARAI ROHILLA DEE","DELHI SHAHDARA DSA",
			"DEORIASADAR DEOS","DEVLALI DVL","DHAMANGAON DMN","DHANBAD DHN","DHARMABAD DAB","dharmanagar dmr","DHARMAPURI DPJ","DHARMAVARAM DMM","DHARWAD DWR","DHASA DAS","DHAULPUR DHO","Dhenuanal dnul","DHOLA DLJ","DHONE DHNE",
			"DHRANGADHRA DHG","dhubri dbb","DHURI DUI","DIBRUGARH DBRG","DIBRUGARH TOWN DBRT","digha dgha","DILDARNAGAR DLN","DIMAPUR DMV","DINDIGUL Jn. DG","DONGARGARH DGG","DORNAKAL DKJ","DUNGARPUR DNRP","DURG DURG","DURGAPUR DGR",
			"duvvada dvd","DWARKA DWK","ELURU EE","ERNAKULAM Jn. ERS","ERNAKULAM TOWN ERN","ERODE ED","ETAWAH ETW","FAIZABAD FD","FARIDABAD FDB","FARRUKHABAD FBD","FATEhABAD CHAND FTD","FATEHPUR FTP","FATUHA FUT","FAZILKA FKA",
			"FIROZABAD FZD","FIROZPUR CITY FZP","FIROZPUR CANTT. FZR","FORBESGANJ FBG","FURKATING FKG","GADAG GDG","GAJRAULA GJL","GANDHIDHAM GIM","GANDHINAGAR GADJ","GANGAPUR CITY GGC","GARWA ROAD GHD","GAYA GAYA",
			"GEVRA ROAD GAD","GHATSILA GTS","GHAZIABAD GZB","GOALPARA TOWN GLPT","GODHRA GDA","GOLA GOKARANNATH GK","GONDA GD","GONDIA G","GOOTY GY","GORAKHPUR GKP","GOSsAINGAon HAT GOGH","GUDIVADA GDV","GUDUR GDR","GULBARGA GR",
			"GUNA GUNA","GUNTAKAL GTL","GUNTUR GNT","gurgaon ggn","GUruvayUR Guv","GUWAHATI GHY","GWALIOR GWL","GYANPUR ROAD GYN","HABIBGANJ HBJ","HAJIPUR HJP","HALDIA HLZ","HALDIBARI HDB","HAMILTONGANJ HOJ","HANUMANGARH HMH","HAPA HAPA",
			"HAPUR HPU","HARDA HD","HARIDWAR HW","HARIHAR HRR","HARPALPUR HPP","HASIMARA HSA","HATIA HTE","HAZUR SAHIB NANDED NED","HILSA HIL","HIMMAT NAGAR HMT","HINDUPUR HUP","HINGOLI HNL","HISAR HSR","HOSHANGABAD HBD","HOSPET HPT",
			"HOSUR HSRA","HOWBAdH HBG","HOWRAH HWH","HUBLI UBL","HYDERABAD HYB","IGATPURI IGP","INDARA IAA","INDORE INDB","ISLAMPUR IPR","ITARSI ET","JABALPUR JBP","Jagdalpur jdb","JAIPUR JP","Jaypur jyp","JAISALMER JSM","JAJPUR KEONJHAR ROAD JJKR",
			"JAKHAL JHL","JALAMB JM","JALANDHAR CANTT. JRC","JALANDHAR CITY JUC","JALGAON JL","JALNA J","JALPAIGURI JPG","JAMALPUR JMP","JAMMU TAWI JAT","JAMNAGAR JAM","JANGHAI JNH","JASIDIH JSME","JAUNPUR Jn. JNU","JAYNAGAR JYG",
			"JETALSAR JLR","JHAJHA JAJ","JHANSI JHS","JHARGRAM JGM","JHARSUGUDA JSG","JIND JIND","JODHPUR JU","jogbani JBN","JOLARPETTAI JTJ","JORHAT JT","JUNAGARH Jn. JND","KACHEGUDA KCG","KAKINADA PORT COA","KALCHINI KCF",
			"KALKA KLK","KALOL KLL","KALYAN KYN","KAMAKHYA KYQ","KANCHIPURAM CJ","KANDHLA KQL","KANNIYAKUMARI CAPE","KANNUR CAN","KANPUR CENTRAL CNB","KANPUR ANWARGANJ CPA","KAPTANGANJ CPJ","Karaikal kik","KARAIKKUDI Jn. KKDI",
			"KARimganj kxj","KARNAL KUN","KARUR KRR","KARWAR KAWR","KASARaGOD KGQ","KASGANJ KSJ","KATHGODAM KGM","KATIHAR KIR","KATNI KTE","KATNI MURWARA KMZ","KATPADI KPD","KATWA KWAE","KAZIPET KZJ","kESINGA ksng",
			"KENDUJHARGARH KDJR","KHAGARIA KGG","KHALILABAD KLD","KHAMMAM KMT","KHANDWA KNW","KHARAGPUR KGP","KHEKRA KEX","KHURDA ROAD KUR","KHURJA KRJ","KISHANGANJ KNE","KISHANGARH KSG","KIUL KIUL","KOCHUVELI KCVL","KODAIKANAL ROAD KQN",
			"kolkata koaa","kollam QLN","KOPERGAON KPG","KORAPUT KRPU","KORBA KRBA","KOTA KOTA","KOTDWARA KTW","KOT KAPURA KKP","KOTTAYAM KTYM","KOZHIKODE CLT","KRISHNANAGAR CITY KNJ","KRISHNARAJAPURAM KJM","kumarghat kugt","KUMBAKONAM KMU",
			"KUNDAPURA KUDA","KURDUWADI KWV","KURNOOL TOWN KRNT","KURUKSHETRA KKDE","LAKHIMPUR LMP","LAKSAR LRJ","LALGARH LGH","LALGOLA LGL","LALITPUR LAR","LALKUAN JN. LKU","LATUR LUR","LEDO LEDO","LOHARU LHU","LOKMANYA TILAK (T) LTT",
			"LONAVLA LNL","LONDA LD","LOWER HALFLONG LFG","LUCKNOW1 LJN","LUCKNOW2 LKO","LUDHIANA LDH","LUMDING LMG","LUNI LUNI","MACHILIPATNAM MTM","MADARIHAT MDT","MADDUR MAD","MADGAON (GOA) MAO","MADHUBANI MBI","MADHUPUR MDP",
			"MADURAI Jn. MDU","MAHASAMUND msmD","MAHBUBNAGAR MBNR","MAHuva mhv","MUNIGUDA mngd","MAHESANA MSH","MAHOBA MBA","MAILANI MLN","MAKSI MKC","MALDA TOWN MLDT","MANAMADURAI MNM","MANDUADIH MUV","MANGALORE CENTRAL MAQ",
			"MANGALORE JN. MAJN","MANIKPUR MKP","MANKAPUR MUR","MANMAD MMR","Mannargudi MQ","MANSI MNE","manu manu","MARIANI MXN","MARWAR Jn. MJ","MATHURA MTJ","MAU MAU","MAYILADUTURAI Jn. MV","MEERUT CITY MTC","MERTA ROAD MTD",
			"METTUPALAYAM MTP","MIDNAPore MDN","MIRAJ MRJ","MIRYALAGUDA MRGA","MIRZAPUR MZP","MOGA MOF","MOKAMA mka","PUDUKOTTAI PDKT","PULGAON PLO","PUNE Jn. PUNE","PURANPUR PP","PURI PURI","PURNA PAU","PURNIA PRNA",
			"PURULIA PRR","RADHIKAPUR RDP","RAE BARELI RBL","RAICHUR RC","RAIGARH RIG","RAIPUR R","RAJAHMUNDRY RJY","RAJA-KA-SAHASPUR RJK","RAJA-KI-MANDI RKM","RAJENDRANAGAR RJQ","RAJGIR RGD","RAJKOT RJT","RAJNANDGAON RJN",
			"RAJPURA RPJ","RAMAGUNDAM RDM","RAMANATHAPURAM RMD","RAMESWARAM RMM","RAMNAGAR RMR","RAMPUR JN. RMU","RAMPURHAT RPH","RANAGHAT RHA","RANCHI RNC","RANGAPARA NORTH RPAN","RANGIYA RNY","RANINAGAR ROJ","RATANGARH RTGH",
			"RATLAM RTM","RATNAGIRI RN","RAWATGANJ RJ","RAXAUL RXL","RAYAGADA RGDA","RENIGUNTA RU","REWA REWA","REWARI RE","RINGUS RGS","ROHTAK ROK","ROORKEE RK","ROURKELA ROU","SADULPUR SDLP","SAGAR jambagaru SRF","SAGAULI SGL",
			"SAGOUR SGO","SAHARANPUR SRE","SAHARSA SHC","SAHIBGANJ SBG","SAI NAGAR SHIRDI SNSI","SALEM SA","SALEMPUR SRU","SAMALKOT SLO","SAMASTIPUR SPJ","SAMBALPUR SBP","SAMBALPUR CITY SBPY","SAMDARI SMR","SAMUKTALA road AMTA",
			"SANGLI SLI","santragachi src","SARNATH SRNT","SATARA STR","SATNA STA","SATTENAPALLE SAP","SAWAIMADHOPUR SWM","SAWANTWADI ROAD SWV","SEALDAH SDAH","SECUNDERABAD SC","SENGOTTAI SCT","SENSOA scf","SEWAGRAM SEGM",
			"SHAHABAD SDB","SHAHGANJ SHG","SHAHJAHANPUR SPN","SHAHPUR PATOREE SPP","SHAKTINAGAR SKTN","SHALIMAR SHM","SHAMGARH SGZ","SHAMLI SMqL","SHIKOHABAD SKB","SHIMLA SML","SHIMOGA TOWN SMET","SHIVPURI SVPI","SHORANUR JN. SRR",
			"SHRI MAHABIRJI SMBJ","SIHOR gujarat SOJN","SIKAR SIKR","MORADABAD MB","MOTIHARI MKI","MUDKHED MUE","MUGHALSARAI MGS","MUMBAI CENTRAL BCT","MUMBAI CST CSTM","Muniguda mngd","MURI MURI","MURKeONGSELEK MZS",
			"MURTAJAPUR MZR","MUZAFFAR NAGAR MOZ","MUZAFFARPUR MFP","MYSORE MYS","nabadwipdham ndae","NADIAD ND","NADIKUDi NDKD","Nagappattinam Ngt","nagarkata nkb","NAGARSOL NSL","NAGBHIR NAB","NAGDA NAD","NAGERCOIL Jn. NCJ",
			"NAGORE NCR","NAGPUR NGP","nagrakata nkb","NAINPUR NIR","NAJIBABAD NBD","NALANDA NLD","NALGONDA NLDA","Namakkal nmkl","NANDALUR NRE","NANDGAON NGN","NANDURBAR NDB","NANDYAL NDL","NANGAL DAM NLDM","NARKATIAGANJ NKE",
			"NARASAPUR NS","ARSINGPUR NU","NARWANA NRW","NASIK ROAD NK","NAUGARH NUH","NELLORE NLR","netajI subhash chandra bose gomoh GMO",
			"NEW ALIPURDUAR NOQ","NEW BONGAIGAON NBQ","NEW COOCHBEHAR NCB","NEW DELHI NDLS","NEW FARAKKA NFK","NEW JALPAIGURI NJP","NEWMAL Jn. NMZ","NEW TINSUKIA NTSK","NIDADAVOLU NDD","Nidamangalam NMJ","NIDUBROLU NDO",
			"NIMACH NMH","NIZAMABAD NZB","NIZAMUDDIN NZM","NOLI NOLI","NORTH LAKHIMPUR NLP","odlabari odb","OKHA OKHA","ONGOLE OGL","ORAI ORAI","PACHORA PC","Palani PLNI","PALANPUR PNU","PALASA PSA","PALakkad PGT","PALakkad TOWN PGTN",
			"PALIAKALAN PLK","PANDHARAPUR PVR","PANIPAT PNP","pARADEEP PRDP","PARASNATH PNME","PANVEL PNVL","PARBHANI PBN","pARVATIPURAM TOWN PVPT","PATHANKOT PTK","PATIALA PTA","PATNA PNBE","PATNA SAHIB PNC","PHALODI PLC",
			"PHAPHAMAU PFM","PHULERA FL","PILIBHIT PBE","PIPARIYA PPI","PODANUR PTJ","PORBANDAR PBR","PRATAPGARH PBH","Puducherry pdy","SILCHAR SCL","SILGHAT SHTT","SILIGURI SGUJ","SILIGURI TOWN SGuT","SIMALuGURI SLGR SINGRAULI SGRL",
			"SIRPUR KAGAZNAGAR SKZR","SIRSA SSA","SISWA BAZAR SBZ","SITAMARHI SMI","SITAPUR city SPC","SITAPUR CANTT. SCC","SIURI SURI","SIWAN SV","SOJAT ROAD SOD","SOLAN SOL","SOLAPUR SUR","SOMNATH SMNH","SOMPETA SPT","SONPUR SEE",
			"SRI CHHATRAPATI SHAHU MAHARAJ (T) CSMT","SRI DUNGARgARH SDgH","SRIGANGA NAGAR SGNr","SRIKAKULAM ROAD CHE","SRI SAThYASAI PRASHANTI NILAYAM SSPN","Sujangarh sujh","SULTANPUR SLN","SURAT ST","SURATGARH SOG","SURATHKAL Sl",
			"SURENDRA NAGAR SUNR","TADEPALLIGUDEM TDD","TAMBARAM TBM","TATANAGAR TATA","Thalassery TLY","TENALI TEL","TENKASI TS","TEZPUR TZTB","THANJAVUR TJ","THIRUVARUR. TVR","TIRUchchirappalli Jn. TPJ","TIRUCHENDUR tcn",
			"TIRUNELVELI TEN","TIRUPATI TPTY","tiruppur TUP","TIRUR TIR","TITLAGARH TIG","Thrisur TCR","Thiruvananthapuram TVC","Tiruvannamalai tnm","TUMSAR ROAD TMR","TUNDLA TDL","TUNI TUNI","TUTICORIN TN","UDAIPUR CITY UDZ","UDHAMPUR UHP",
			"UDHNA UDN","UDUPI UD","UJJAIN UJN","UNA UNA","UNCHAHAR UCR","UNNAO ON","VADAKARA BDJ","VADODARA BRC","VALSAD BL","VANCHI MANIYACHCHI Jn. MEJ","VARANASI BSB","VARKALA VAK","VASAI ROAD BSR","VASCO-DA-GAMA VSG",
			"Velankanni VLKN","VERAVAL VRL","VIDISHA BHS","VIJAYAWADA BZA","VILLUPURAM Jn. VM","VIRAMGAM VG","VIRUDUNAGAR JN. vpt","VISAKHAPATNAM VSKP","VIZIANAGARAM VZM","VRIDDHACHALAM Jn. VRI","WADI WADI",
			"WANKANER WKR","WARANGAL WL","WARDHA Jn. WR","YESVANTPUR YPR","ZAFARABAD ZBD","WASSEPUR Dishkiyaon"
		};
	String[] trainNums={
			"10001 Balaghat Jabalpur Satpura","10002 Jabalpur Balaghat Satpura",
			"10103 Mumbai CST Madgaon Mandovi","10104 Madgaon Mumbai CST Mandovi",
			"10111 Mumbai CST Madgaon Konkan Kanya","10112 Madgaon Mumbai CST Konkan Kanya",
			"10215 Madgaon Ernakulam","10216 Ernakulam Madgaon",
			"11003 Dadar Sawantwadi Road Rajya Rani","11004 Sawantwadi Road Dadar Rajya Rani",
			"11005 Dadar  Puducherry","11006 Puducherry Dadar ",
			"11007 Mumbai CST Pune Deccan","11008 Pune Mumbai CST Deccan",
			"11009 Mumbai CST Pune Sinhagad","11010 Pune Mumbai CSTSinhagad",
			"11013 Lokmanya Tilak (T) Coimbatore","11014 Coimbatore Lokmanya Tilak (T)",
			"11015 Lokmanya Tilak (T) Gorakhpur Kushinagar","11016 Gorakhpur  Lokmanya Tilak (T) Kushinagar",
			"11017 Lokmanya Tilak (T) Karaikkal","11018 Karaikkal Lokmanya Tilak (T)",
			"11019 Mumbai CST Bhubaneswar Konark","11020 Bhubaneswar  Mumbai CST Konark",
			"11021 Dadar Tirunelveli","11022 Tirunelveli Dadar",
			"11023 Mumbai CST Sri Chhatrapati Sahyadri","11024 Sri Chhatrapati  Mumbai CST Sahyadri",
			"11025 Bhusaval Pune","11026 Pune  Bhusaval",
			"11027 Mumbai CST Chennai Mail","11028 Chennai Mumbai CST Mail",
			"11029 Mumbai CST Sri Chhatrapati Koyna","11030 Sri Chhatrapati Mumbai CST Koyna",
			"11033 Pune Darbhanga","11034 Darbhanga Pune",
			"11035 Dadar Mysore Sharavati","11036 Mysore Dadar Sharavati",
			"11037 Pune Gorakhpur","11038 Gorakhpur Pune",
			"11039 Sri Chhatrapati  Gondia Maharashtra","11040 Gondia Sri Chhatrapati Maharashtra",
			"11041 Mumbai CST Chennai","11042 Chennai Mumbai CST ",
			"11043 Lokmanya Tilak (T) Madurai","11044 Madurai Lokmanya Tilak (T)",
			"11045 Sri Chhatrapati  Dhanbad Deekshabhoomi","11046 Dhanbad Sri Chhatrapati Deekshabhoomi",
			"11047 Miraj Hubli","11048 Hubli Miraj",
			"11049 Ahmedabad Sri Chhatrapati","11050 Sri Chhatrapati Ahmedabad",
			"11051 Solapur Sri Chhatrapati","11052 Sri Chhatrapati Solapur",
			"11055 Lokmanya Tilak (T) Gorakhpur Godaan","11056 Gorakhpur Lokmanya Tilak (T) Godaan",
			"11057 Lokmanya Tilak (T) Amritsar","11058 Amritsar Lokmanya Tilak(T)",
			"11059 Lokmanya Tilak (T) Chhapra Godaan","11060 Chhapra Lokmanya Tilak (T) Godaan",
			"11061 Lokmanya Tilak (T) Muzaffarpur","11062 Lokmanya Tilak (T) Muzaffarpur",
			"11063 Chennai Egmore Salem","11064 Salem Chennai Egmore",
			"11065 Lokmanya Tilak (T) Darbhanga","11066 Darbhanga Lokmanya Tilak (T)",
			"11067 Lokmanya Tilak (T) Faizabad Saket","11068 Faizabad Lokmanya Tilak (T) Saket",
			"11069 Lokmanya Tilak (T) Allahabad","11070 Allahabad Lokmanya Tilak (T)",
			"11071 Lokmanya Tilak (T) Varanasi Kamayani","11072 Varanasi  Lokmanya Tilak (T)Kamayani",
			"11077 Pune Jammu Tawi Jhelum","11078 Jammu Tawi Pune Jhelum",
			"11087 Veraval Pune","11088 Pune Veraval",
			"11089 Jodhpur Pune","11090 Pune Jodhpur",
			"11091 Bhuj Pune","11092 Pune Bhuj",
			"11093 Mumbai CST Varanasi Mahanagari","11094 Varanasi Mumbai CST Mahanagari",
			"11095 Ahmedabad Pune Ahimsa","11096 Pune Ahmedabad Ahimsa",
			"11097 Pune Ernakulam Poorna","11098 Ernakulam Pune Poorna",
			"11103 Jhansi Bandra (T)","11104 Bandra (T) Jhansi",
			"11105 Kolkata Jhansi Pratham Swatantrata Sangram","11106 Jhansi  Kolkata Pratham Swatantrata Sangram",
			"11107 Gwalior Varanasi Bundelkhand","11108 Varanasi Gwalior Bundelkhand",
			"11109 Jhansi Lucknow Intercity","11110 Lucknow Jhansi Intercity",
			"11123 Barauni Gwalior Mail","11124 Gwalior Barauni Mail",
			"11125 Indore Jhansi","11126 Indore Jhansi",
			"11201 Lokmanya Tilak (T) Ajni (Nagpur)","11202 Ajni (Nagpur) Lokmanya Tilak (T)",
			"11203 Nagpur Ajmer","11204 Ajmer Nagpur",
			"11205 Lokmanya Tilak (T) Nizamabad","11206 Nizamabad Lokmanya Tilak (T)",
			"11265 Jabalpur Ambikapur","11266 Ambikapur Jabalpur",
			"11271 Itarsi Bhopal Vindhyachal","11272 Bhopal Itarsi Vindhyachal",
			"11301 Mumbai CST Bangalore Udyan","11302 Bangalore Mumbai CST Udyan",
			"11303 Hyderabad Sri Chhatrapati","11304 Sri Chhatrapati Hyderabad",
			"11305 Mumbai CST Solapur","11306 Solapur Mumbai CST",
			"11401 Mumbai CST Nagpur Nandigram","11402 Nagpur Mumbai CST Nandigram",
			"11403 Nagpur Sri Chhatrapati","11404 Sri Chhatrapati Nagpur",
			"11405 Pune Amravati","11406 Amravati Pune",
			"11423 Solapur Hubli Intercity","11424 Hubli Solapur Intercity",
			"11447 Jabalpur Howrah Sakthipunj","11448 Howrah Jabalpur Sakthipunj",
			"11449 Jabalpur Jammu Tawi","11450 Jammu Tawi Jabalpur",
			"11451 Jabalpur Rewa Intercity","11452 Rewa Jabalpur Intercity",
			"11453 Ahmedabad Nagpur Prema","11454 Nagpur Ahmedabad Prema",
			"11463 Somnath Jabalpur(via Jhansi)","11464 Jabalpur(via Jhansi) Somnath",
			"11465 Somnath Jabalpur (via Bina)","11466 Jabalpur (via Bina) Somnath",
			"11471 Indore Jabalpur","11472 Jabalpur Indore",
			"11651 Jabalpur Singrauli Intercity","11652 Singrauli Jabalpur Intercity",
			"11701 Jabalpur Indore Intercity","11702 Indore Jabalpur Intercity",
			"11703 Rewa Indore","11704 Indore Rewa",
			"12001 Bhopal New Delhi Shatabdi","12002 New Delhi Shatabdi Bhopal",
			"12003 Lucknow New Delhi Swarna Shatabdi","12004 New Delhi Lucknow Swarna Shatabdi",
			"12005 New Delhi Kalka Shatabdi","12006 Kalka New Delhi Shatabdi",
			"12007 Chennai Mysore Shatabdi","12008 Mysore Chennai Shatabdi",
			"12009 Mumbai Central Ahmedabad Shatabdi","12010 Ahmedabad  Mumbai CentralShatabdi",
			"12011 New Delhi Kalka Shatabdi","12012 Kalka New Delhi Shatabdi",
			"12013 New Delhi Amritsar Shatabdi","12014 Amritsar New Delhi Shatabdi",
			"12015 New Delhi Ajmer Shatabdi","12016 Ajmer New Delhi Shatabdi",
			"12017 New Delhi Dehradun Shatabdi","12018 Dehradun New Delhi Shatabdi",
			"12019 Howrah Ranchi Shatabdi","12020 Ranchi Howrah Shatabdi",
			"12021 Howrah Barbil Jan Shatabdi","12022 Barbil Howrah Jan Shatabdi",
			"12023 Howrah Patna Jan Shatabdi","12024 Patna Howrah Jan Shatabdi",
			"12025 Pune Secunderabad Shatabdi","12026 Secunderabad Pune Shatabdi",
			"12027 Chennai Bangalore Shatabdi","12028 Bangalore Chennai Shatabdi",
			"12029 New Delhi Amritsar Swarna Shatabdi","12030 Amritsar New Delhi Swarna Shatabdi",
			"12031 New Delhi Amritsar Shatabdi","12032 Amritsar New Delhi Shatabdi",
			"12033 Kanpur New Delhi Shatabdi","12034 New Delhi Kanpur Shatabdi",
			"12035 Jaipur Agra Fort Shatabdi","12036 Agra Fort Jaipur Shatabdi",
			"12037 New Delhi Ludhiana Shatabdi","12038 Ludhiana New Delhi Shatabdi",
			"12039 Anand Vihar (T) Kathgodam Shatabdi","12040 Kathgodam Anand Vihar (T) Shatabdi",
			"12041 Howrah New Jalpaiguri Shatabdi","12042 New Jalpaiguri Howrah Shatabdi",
			"12043 New Delhi Moga Shatabdi","12044 Moga New Delhi Shatabdi",
			"12045 New Delhi Chandigarh Shatabdi","12046 Chandigarh New Delhi Shatabdi",
			"12051 Dadar Madgaon Jan Shatabdi","12052 Madgaon Dadar Jan Shatabdi",
			"12053 Haridwar Amritsar Jan Shatabdi","12054 Amritsar Haridwar Jan Shatabdi",
			"12055 New Delhi Dehradun Jan Shatabdi","12056 Dehradun New Delhi Jan Shatabdi",
			"12057 New Delhi Una Jan Shatabdi","12058 Una New Delhi Jan Shatabdi",
			"12059 Kota Nizamuddin Jan Shatabdi","12060 Nizamuddin Kota Jan Shatabdi",
			"12061 Habibganj Jabalpur Jan Shatabdi","12062 Jabalpur Habibganj Jan Shatabdi",
			"12063 Haridwar Una Link","12064 Una Haridwar Link",
			"12067 Guwahati Jorhat Town Jan Shatabdi","12068 Jorhat Town Guwahati Jan Shatabdi",
			"12069 Raigarh Gondia Jan Shatabdi","12070 Gondia Raigarh Jan Shatabdi",
			"12071 Dadar Aurangabad Jan Shatabdi","12072 Aurangabad Dadar Jan Shatabdi",
			"12073 Howrah Bhubaneswar Jan Shatabdi","12074 Bhubaneswar Howrah Jan Shatabdi",
			"12075 Kozhikode Thiruvananthapuram  Jan Shatabdi","12076 Thiruvananthapuram Kozhikode Jan Shatabdi",
			"12077 Chennai Vijayawada Jan Shatabdi","12078 Vijayawada Chennai Jan Shatabdi",
			"12079 Bangalore Hubli Jan Shatabdi","12080 Hubli Bangalore Jan Shatabdi",
			"12081 Kannur Thiruvanthapuram Jan Shatabdi","12082 Thiruvanthapuram Kannur Jan Shatabdi",
			"12083 Mayiladuturai Coimbatore Jan Shatabdi","12084 Coimbatore Mayiladuturai Jan Shatabdi",
			"12101 Lokmanya Tilak (T) Howrah Jnaneswari","12102 Howrah Lokmanya Tilak (T) Jnaneswari",
			"12103 Pune Lucknow","12104 Lucknow Pune",
			"12105 Mumbai CST Gondia Vidarbha","12106 Gondia Mumbai CST Vidarbha",
			"12107 Lokmanya Tilak (T) Lucknow","12108 Lucknow Lokmanya Tilak (T)",
			"12109 Mumbai CST Manmad Panchavati","12110  Manmad Mumbai CST Panchavati",
			"12111 Mumbai CST Amravati","12112 Amravati Mumbai CST",
			"12113 Pune Nagpur Garib Rath","12114 Nagpur Pune Garib Rath",
			"12115 Mumbai CST Solapur Siddheshwar","12116 Solapur Mumbai CST Siddheshwar",
			"12117 Lokmanya Tilak (T) Manmad","12118 Manmad Lokmanya Tilak (T)",
			"12121 Jabalpur  Nizamuddin Sampark Kranti","12122 Nizamuddin Jabalpur Sampark Kranti",
			"12123 Mumbai CST Pune Deccan Queen","12124 Pune Mumbai CST Deccan Queen",
			"12125 Mumbai CST Pune Pragati","12126 Pune Mumbai CST Pragati",
			"12127 Mumbai CST Pune Intercity","12128 Pune Mumbai CST Intercity",
			"12129 Pune Howrah Azad Hind","12130 Howrah Pune Azad Hind",
			"12131 Dadar Sai Nagar Shirdi","12132 Sai Nagar Shirdi Dadar",
			"12133 Mumbai CST Mangalore Jn.","12134 Mangalore Jn. Mumbai CST",
			"12135 Pune Nagpur","12136 Nagpur Pune",
			"12137 Mumbai CST Firozpur Cantt. Punjab Mail","12138 Firozpur Cantt. Mumbai CST Punjab Mail",
			"12139 Mumbai CST Nagpur Sewagram","12140 Nagpur Mumbai CST Sewagram",
			"12141 Mumbai CST Rajendranagar","12142 Rajendranagar Mumbai CST",
			"12143 Lokmanya Tilak (T) Sultanpur","12144 Sultanpur Lokmanya Tilak (T)",
			"12145 Lokmanya Tilak (T) Puri","12146 Puri Lokmanya Tilak (T)",
			"12147 Sri Chhatrapati  Nizamuddin","12148 Nizamuddin Sri Chhatrapati",
			"12149 Pune Patna","12150 Patna Pune",
			"12151 Lokmanya Tilak (T) Howrah Samarsata","12152 Howrah Lokmanya Tilak (T) Samarsata",
			"12153 Lokmanya Tilak (T) Habibganj","12154 Habibganj Lokmanya Tilak (T)",
			"12155 Habibganj Nizamuddin Bhopal","12156 Nizamuddin Habibganj Bhopal",
			"12157 Pune Solapur Hutatma","12158 Solapur Pune Hutatma",
			"12159 Amravati Jabalpur","12160 Jabalpur Amravati",
			"12161 Lokmanya Tilak (T) Agra Cantt. Lashkar","12162 Agra Cantt. Lokmanya Tilak (T) Lashkar",
			"12163 Dadar Chennai Egmore","12164 Chennai Egmore Dadar",
			"12165 Lokmanya Tilak(T) Varanasi","12166 Varanasi Lokmanya Tilak(T)",
			"12167 Lokmanya Tilak(T) Varanasi","12168 Varanasi Lokmanya Tilak(T)",
			"12169 Pune Solapur Intercity","12170 Solapur Pune Intercity",
			"12171 Lokmanya Tilak(T) Haridwar AC","12172 Haridwar Lokmanya Tilak(T) AC",
			"12173 Lokmanya Tilak(T) Pratapgarh Udyognagari","12174 Pratapgarh Lokmanya Tilak(T) Udyognagari",
			"12175 Howrah Gwalior Chambal","12176 Gwalior Howrah Chambal",
			"12177 Howrah Mathura Chambal","12178 Mathura Howrah Chambal",
			"12179 Lucknow Jn. Agra Cantt. Intercity","12180 Agra Cantt. Lucknow Jn. Intercity",
			"12181 Jabalpur Ajmer Dayodaya","12182 Ajmer Jabalpur Dayodaya",
			"12183 Bhopal Pratapgarh","12184 Pratapgarh Bhopal",
			"12185 Habibganj Rewa (via Bina) Rewanchal","12186 Rewa (via Bina) Habibganj Rewanchal",
			"12187 Jabalpur Mumbai CST Garib Rath","12188 Mumbai CST Jabalpur Garib Rath",
			"12189 Jabalpur Nizamuddin Mahakoshal","12190 Nizamuddin Jabalpur Mahakoshal",
			"12191 New Delhi Jabalpur","12192 Jabalpur New Delhi",
			"12193 Yesvantpur Jabalpur","12194 Jabalpur Yesvantpur",
			"12195 Agra Fort Ajmer Intercity","12196 Ajmer Agra Fort Intercity",
			"12197 Bhopal Gwalior Intercity","12198 Gwalior Bhopal Intercity",
			"12201 Lokmanya Tilak (T) Kochuveli Garib Rath","12202 Kochuveli Lokmanya Tilak (T) Garib Rath",
			"12203 Saharsa Amritsar Garib Rath","12204 Amritsar Saharsa Garib Rath",
			"12205 New Delhi Dehradun","12206 Dehradun New Delhi",
			"12207 Kathgodam Jammu Tawi Garib Rath","12208 Jammu Tawi Kathgodam Garib Rath",
			"12209 Kanpur Kathgodam Garib Rath","12210 Kathgodam Kanpur Garib Rath",
			"12211 Muzaffarpur Anand Vihar (T) Garib Rath","12212 Anand Vihar (T) Muzaffarpur Garib Rath",
			"12213 Yesvantpur Delhi Sarai Rohilla AC Duronto","12214 Delhi Sarai Rohilla Yesvantpur AC Duronto",
			"12215 Delhi Sarai Rohilla Bandra (T) Garib Rath","12216 Bandra (T) Delhi Sarai Rohilla Garib Rath",
			"12217 Kochuveli Chandigarh Kerala Sampark Kranti","12218 Kerala Chandigarh Kochuveli Sampark Kranti",
			"12219 Lokamanya Tilak (T) Secunderabad AC Duronto","12220 Secunderabad Lokamanya Tilak (T) AC Duronto",
			"12221 Pune  Howrah AC Duronto","12222 Howrah  Pune AC Duronto",
			"12223 Lokmanya Tilak (T) Ernakulam AC Duronto","12224 Ernakulam Lokmanya Tilak (T) AC Duronto",
			"12225 Azamgarh Delhi Kaifiyaat","12226 Delhi Azamgarh Kaifiyaat",
			"12227 Mumbai Central Indore AC Duronto","12228 Indore AC Mumbai Central Duronto",
			"12229 Lucknow New Delhi Mail","12230 New Delhi Lucknow Mail", 
			"12231 Lucknow Chandigarh","12232 Chandigarh Lucknow",
			"12235 Dibrugarh New Delhi Rajdhani","12236 New Delhi Dibrugarh Rajdhani",
			"12237 Varanasi Jammu Tawi","12238 Jammu Tawi Varanasi",
			"12239 Mumbai Central Jaipur AC Duronto","12240 Jaipur Mumbai Central AC Duronto",
			"12241 Chandigarh Amritsar","12242 Amritsar Chandigarh",
			"12243 Chennai Central Coimbatore AC Duronto","12244 Coimbatore Chennai Central AC Duronto",
			"12245 Howrah Yesvantpur Duronto","12246 Yesvantpur Howrah Duronto",
			"12247 Bandra (T) Nizamuddin Yuva","12248 Nizamuddin Bandra (T) Yuva",
			"12249 Howrah New Delhi Yuva","12250 New Delhi Howrah Yuva",
			"12251 Yesvantpur Korba Wainganga","12252 Korba Yesvantpur Wainganga",
			"12253 Yesvantpur Bhagalpur Anga","12254 Bhagalpur Yesvantpur Anga",
			"12257 Yesvantpur Kochuveli Garib Rath","12258 Kochuveli Yesvantpur Garib Rath",
			"12259 Sealdah New Delhi AC Duronto","12260 New Delhi Sealdah AC Duronto",
			"12261 Mumbai CST Howrah AC Duronto","12262 Howrah Mumbai CST AC Duronto",
			"12263 Pune Nizamuddin AC Duronto","12264 Nizamuddin Pune AC Duronto",
			"12265 Delhi Sarai Rohilla Jammu Tawi Duronto","12266 Jammu Tawi Delhi Sarai Rohilla Duronto",
			"12267 Mumbai Central Ahmedabad AC Duronto","12268 Ahmedabad Mumbai Central AC Duronto",
			"12269 Chennai Nizamuddin Duronto","12270 Nizamuddin Chennai Duronto",
			"12273 Howrah New Delhi Duronto","12274 New Delhi Howrah Duronto",
			"12275 Allahabad  New Delhi Duronto","12276 New Delhi Allahabad Duronto",
			"12277 Howrah Puri Shatabdi","12278 Puri Howrah Shatabdi",
			"12279 Jhansi Nizamuddin Taj","12280 Nizamuddin Jhansi Taj",
			"12281 Bhubaneswar New Delhi Duronto","12282 New Delhi Bhubaneswar Duronto",
			"12283 Ernakulam Nizamuddin Duronto","12284 Nizamuddin Ernakulam Duronto",
			"12285 Secunderabad Nizamuddin Duronto","12286 Nizamuddin Secunderabad Duronto",
			"12287 Kochuveli Dehradun","12288 Dehradun Kochuveli",
			"12289 Mumbai CST Nagpur AC Duronto","12290 Nagpur Mumbai CST AC Duronto",
			"12291 Yesvantpur Chennai","12292 Chennai Yesvantpur",
			"12293 Lokmanya Tilak (T) Allahabad AC Duronto","12294 Allahabad Lokmanya Tilak (T) AC Duronto",
			"12295 Bangalore Patna Sangamitra","12296 Patna Bangalore Sangamitra",
			"12297 Ahmedabad Pune AC Duronto","12298 Pune Ahmedabad AC Duronto",
			"12301 Howrah(via Gaya) New Delhi Kolkata Rajdhani","12302 New Delhi Howrah (via Gaya) Rajdhani",
			"12303 Howrah(via Patna) New Delhi Poorva","12304 New Delhi Howrah(via Patna) Poorva",
			"12305 Howrah(via Patna) New Delhi Kolkata Rajdhani","12306 New Delhi KolkataHowrah(via Patna) Rajdhani",
			"12307 Howrah Jodhpur/Bikaner","12308 Jodhpur/Bikaner Howrah",
			"12309 Rajendranagar New Delhi Patna Rajdhani","12310 Patna New DelhiRajendranagar Rajdhani",
			"12311 Howrah Kalka Mail","12312 Kalka Howrah Mail",
			"12313 Sealdah New Delhi Rajdhani","12314 New Delhi Sealdah Rajdhani",
			"12315 Sealdah Udaipur City Ananya","12316 Udaipur City Sealdah Ananya",
			"12317 Sealdah Amritsar Akal Takht","12318 Amritsar Sealdah Akal Takht",
			"12319 Kolkata Agra Cantt.","12320 Agra Cantt. Kolkata",
			"12321 Howrah Mumbai CST Mail","12322 Mumbai CST Howrah Mail",
			"12323 Howrah New Delhi","12324 New Delhi Howrah",
			"12325 Kolkata Nangaldam","12326 Nangaldam Kolkata",
			"12327 Howrah Dehradun Upasana","12328 Dehradun Howrah Upasana",
			"12329 Sealdah Delhi West Bengal Sampark Kranti","12330 West Bengal Delhi Sealdah Sampark Kranti",
			"12331 Howrah Jammu Tawi Himgiri","12332 Jammu Tawi Howrah Himgiri",
			"12333 Howrah Allahabad City Vibhuti","12334 Allahabad City Howrah Vibhuti",
			"12335 Bhagalpur Lokmanya Tilak(T)","12336 Lokmanya Tilak(T) Bhagalpur",
			"12337 Howrah Bolpur Shantiniketan","12338 Bolpur Howrah Shantiniketan",
			"12339 Howrah Dhanbad Coalfield","12340 Dhanbad Coalfield Howrah",
			"12341 Howrah Asansol Agniveena","12342 Asansol Howrah Agniveena",
			"12343 Sealdah New Jalpaiguri Darjeeling Mail","12344 Darjeeling Sealdah Mail",
			"12345 Howrah Guwahati Saraighat","12346 Guwahati Howrah Saraighat",
			"12347 Howrah Rampurhat","12348 Rampurhat Howrah",
			"12349 Bhagalpur New Delhi","12350 New Delhi Bhagalpur",
			"12351 Howrah Danapur","12352 Danapur Howrah",
			"12353 Howrah Lalkuan","12354 Lalkuan Howrah",
			"12355 Rajendranagar Jammu Tawi Archana","12356 Jammu Tawi Rajendranagar Archana",
			"12357 Kolkata Amritsar Durgiana","12358 Amritsar Kolkata Durgiana",
			"12359 Kolkata Patna Garib Rath","12360 Patna Kolkata Garib Rath",
			"12361 Asansol Mumbai CST","12362 Mumbai CST Asansol",
			"12363 Kolkata Haldibari Intercity","12364 Haldibari Kolkata Intercity",
			"12365 Patna Ranchi Jan Shatabdi","12366 Ranchi Patna Jan Shatabdi",
			"12367 Bhagalpur Anand Vihar (T) Vikramshila","12368 Anand Vihar (T) Bhagalpur Vikramshila",
			"12369 Howrah Haridwar Kumbha","12370 Haridwar Howrah Kumbha",
			"12371 Howrah Jaisalmer","12372 Jaisalmer Howrah",
			"12373 Sealdah Rampurhat Intercity","12374 Rampurhat Sealdah Intercity",
			"12375 Chennai Asansol","12376 Asansol Chennai",
			"12377 Sealdah New Jalpaiguri Padatik","12378 New Jalpaiguri Sealdah Padatik",
			"12379 Sealdah Amritsar Jallianwala Bagh","12380 Amritsar Sealdah Jallianwala Bagh",
			"12381 Howrah(via Gaya) New Delhi Poorva","12382 New Delhi Howrah(via Gaya) Poorva",
			"12383 Sealdah Asansol Intercity","12384 Asansol Sealdah Intercity",
			"12385 Howrah Dhanbad AC Double Decker","12386 Dhanbad Howrah AC Double Decker",
			"12389 Gaya Chennai Egmore","12390 Chennai Egmore Gaya",
			"12391 Rajgir New Delhi Shramjeevi","12392 New Delhi Rajgir Shramjeevi",
			"12393 Rajendranagar New Delhi Sampoorna Kranti","12394 New Delhi Rajendranagar Sampoorna Kranti",
			"12395 Rajendranagar Ajmer Ziyarat","12396 Ajmer Rajendranagar Ziyarat",
			"12397 Gaya New Delhi Mahabodhi","12398 New Delhi Gaya Mahabodhi",
			"12401 Islampur New Delhi Magadh","12402 New Delhi Islampur Magadh",
			"12403 Allahabad Jaipur","12404 Jaipur Allahabad",
			"12405 Bhusaval Nizamuddin Gondwana","12406 Nizamuddin Bhusaval Gondwana",
			"12409 Raigarh Nizamuddin Gondwana","12410  Gondwana Nizamuddin Raigarh",
			"12411 Chandigarh Amritsar Intercity","12412 Amritsar Chandigarh Intercity",
			"12413 Ajmer Jammu Tawi","12414 Jammu Tawi Ajmer",
			"12415 Indore Nizamuddin","12416 Nizamuddin Indore",
			"12417 Allahabad New Delhi Prayagraj","12418 New Delhi Allahabad Prayagraj",
			"12419 Lucknow New Delhi Gomti","12420 New Delhi Lucknow Gomti",
			"12421 Amritsar Hazur SahibNanded","12422 Hazur SahibNanded Amritsar",
			"12423 New Delhi Dibrugarh Town Rajdhani","12424 Dibrugarh Town New Delhi Rajdhani",
			"12425 New Delhi Jammu Tawi Jammu Rajdhani","12426 Jammu Tawi New Delhi Rajdhani",
			"12427 Rewa Anand Vihar (T)","12428 Anand Vihar(T) Rewa",
			"12431 Thiruvananthapuram Nizamuddin Rajdhani","12432 Nizamuddin Thiruvananthapuram Rajdhani",
			"12433 Chennai Nizamuddin Rajdhani","12434 Nizamuddin Chennai Rajdhani",
			"12435 Dibrugarh Town New DelhiRajdhani ","12436 New Delhi Dibrugarh Town Rajdhani",
			"12437 Secunderabad Nizamuddin Rajdhani","12438 Nizamuddin Secunderabad Rajdhani",
			"12439 Ranchi New Delhi Rajdhani","12440 New Delhi Ranchi Rajdhani",
			"12441 Bilaspur New Delhi Rajdhani","12442 New Delhi Bilaspur Rajdhani",
			"12443 Anand Vihar (T) Haldia","12444 Haldia Anand Vihar(T)",
			"12445 New Delhi Udhampur Uttar Sampark Kranti","12446 Udhampur New Delhi Uttar Sampark Kranti",
			"12447 Manikpur Nizamuddin Sampark Kranti","12448 Nizamuddin Manikpur Sampark Kranti",
			"12449 Madgaon Chandigarh Goa Sampark Kranti","12450 Chandigarh Madgaon Goa Sampark Kranti",
			"12451 Kanpur Central New Delhi Shram Shakti","12452 New Delhi Kanpur Central Shram Shakti",
			"12453 Ranchi New Delhi Rajdhani","12454 New Delhi Ranchi Rajdhani",
			"12455 Delhi Sarai Rohilla Sri Ganganagar AC","12456 Sri Ganganagar Delhi Sarai Rohilla AC",
			"12457 Delhi Sarai Rohilla Bikaner","12458 Bikaner Delhi Sarai Rohilla",
			"12459 New Delhi Amritsar Intercity","12460 Amritsar New Delhi Intercity",
			"12461 Delhi Jodhpur Mandore","12462 Jodhpur Delhi Mandore",
			"12463 Delhi Sarai Rohilla Jodhpur Rajasthan Sampark Kranti","12464 Jodhpur Delhi Sarai Rohilla Rajasthan Sampark Kranti",
			"12465 Indore Jodhpur Ranthambhore","12466 Jodhpur Indore Ranthambhore",
			"12467 Bikaner Jaipur Intercity","12468 Jaipur Bikaner Intercity",
			"12469 Kanpur Jammu Tawi","12470 Jammu Tawi Kanpur",
			"12471 Bandra (T) Jammu Tawi Swaraj","12472 Jammu Tawi Bandra(T) Swaraj",
			"12473 Ahmedabad Jammu Tawi Sarvodaya","12474 Jammu Tawi Ahmedabad Sarvodaya",
			"12475 Hapa Jammu Tawi","12476 Jammu Tawi Hapa",
			"12477 Jamnagar Jammu Tawi Sindhu","12478 Jammu Tawi Jamnagar Sindhu",
			"12479 Jodhpur Bandra (T) Suryanagari","12480 Bandra (T) Jodhpur Suryanagari",
			"12481 Delhi Sri Ganganagar Intercity","12482 Sri Ganganagar Delhi Intercity",
			"12483 Kochuveli Amritsar","12484 Amritsar Kochuveli",
			"12485 Hazur Sahib Nanded Sri Ganganagar","12486 Hazur Sahib Nanded Sri Ganganagar",
			"12487 Jogbani Anand Vihar (T) Seemanchal","12488 Anand Vihar (T) Jogbani Seemanchal",
			"12489 Bikaner Dadar (via Bhildi)","12490 Dadar Bikaner (via Bhildi)",
			"12491 Muzaffarpur Jammu Tawi Mour Dhwaj","12492 Jammu Tawi Muzaffarpur Mour Dhwaj",
			"12495 Bikaner Kolkata Pratap","12496 Kolkata Bikaner Pratap",
			"12497 New Delhi Amritsar Shan-e-Punjab","12498 Amritsar New Delhi Shan-e-Punjab",
			"12501 Guwahati New Delhi Poorvottar Sampark Kranti","12502 New Delhi Guwahati Poorvottar Sampark Kranti",
			"12505 Guwahati Anand Vihar (T)","12506 Anand Vihar (T) Guwahati",
			"12507 Thiruvananthapuram Guwahati","12508 Guwahati Thiruvananthapuram",
			"12509 Bangalore Guwahati","12510 Guwahati Bangalore",
			"12511 Gorakhpur Thiruvananthapuram Raptisagar","12512 Thiruvananthapuram Gorakhpur Raptisagar",
			"12513 Secunderabad Guwahati","12514 Guwahati Secunderabad",
			"12515 Thiruvananthapuram Guwahati","12516 Guwahati Thiruvananthapuram",
			"12517 Kolkata Guwahati Garib Rath","12518 Guwahati Kolkata Garib Rath",
			"12519 Lokmanya Tilak (T) Kamakhya AC","12520 Kamakhya Lokmanya Tilak(T) AC",
			"12521 Barauni Ernakulam Raptisagar","12522 Ernakulam Barauni Raptisagar",
			"12523 New Jalpaiguri New Delhi","12524 New Delhi New Jalpaiguri",
			"12525 Kolkata Dibrugarh","12526 Dibrugarh Kolkata",
			"12531 Gorakhpur Lucknow Intercity","12532 Lucknow Gorakhpur Intercity",
			"12533 Lucknow Mumbai CST Pushpak","12534 Mumbai CST Lucknow Pushpak",
			"12535 Lucknow Jn. Raipur Garib Rath","12536 Raipur Lucknow Jn. Garib Rath",
			"12537 Muzaffarpur Manduadih","12538 Manduadih Muzaffarpur",
			"12539 Yesvantpur Lucknow","12540 Lucknow Yesvantpur",
			"12541 Gorakhpur Lokmanya Tilak (T) ","12542 Lokmanya Tilak(T) Gorakhpur",
			"12547 Agra Fort Ahmedabad","12548 Ahmedabad Agra Fort",
			"12549 Durg Jammu Tawi","12550 Jammu Tawi Durg",
			"12551 Yesvantpur Kamakhya AC","12552 Kamakhya Yesvantpur AC",
			"12553 Barauni New Delhi Vaishali","12554 New Delhi Vaishali Barauni",
			"12555 Hisar Gorakhdham","12556 Gorakhdham Hisar Gorakhpur",
			"12557 Muzaffarpur Anand Vihar(T) Sapt Kranti","12558 Anand Vihar(T) Muzaffarpur Sapt Kranti",
			"12559 Varanasi New Delhi Shiv Ganga","12560 New Delhi Varanasi Shiv Ganga",
			"12561 Darbhanga New Delhi Swatantrata Sainani","12562 New Delhi Darbhanga Swatantrata Sainani",
			"12565 Darbhanga New Delhi Bihar Sampark Kranti","12566 New Delhi Darbhanga Bihar Sampark Kranti",
			"12567 Saharsa Patna Rajya Rani","12568 Patna Saharsa Rajya Rani",
			"12569 Jaynagar Anand Vihar(T) Garib Rath","12570 Anand Vihar(T) Jaynagar Garib Rath",
			"12577 Darbhanga Mysore Bagmati","12578 Mysore Darbhanga Bagmati",
			"12587 Gorakhpur Jammu Tawi Amarnath","12588  Jammu Tawi Gorakhpur Amarnath",
			"12589 Gorakhpur Secunderabad","12590 Secunderabad Gorakhpur",
			"12591 Gorakhpur Yesvantpur","12592 Yesvantpur Gorakhpur",
			"12593 Lucknow Jn. Bhopal","12594 Jn. Bhopal Lucknow",
			"12601 Chennai Mangalore Mail","12602 Mangalore Chennai Mail",
			"12603 Chennai Hyderabad","12604 Hyderabad Chennai",
			"12605 Chennai Egmore Karaikudi Pallavan","12606 Egmore Chennai Karaikudi Pallavan",
			"12607 Chennai Bangalore Lalbagh","12608 Bangalore Chennai Lalbagh",
			"12609 Chennai Bangalore","12610 Bangalore Chennai",
			"12611 Chennai Nizamuddin Garib Rath","12612 Nizamuddin Chennai Garib Rath",
			"12613 Mysore Bangalore Tippu","12614 Bangalore Mysore Tippu",
			"12615 Chennai New Delhi Grand Trunk","12616 New Delhi Chennai Grand Trunk",
			"12617 Ernakulam Nizamuddin Mangala Lakshadweep","12618 Nizamuddin Ernakulam Mangala Lakshadweep",
			"12619 Lokmanya Tilak(T) Mangalore Matsyagandha","12620 Lokmanya Tilak(T) Mangalore Matsyagandha",
			"12621 Chennai New Delhi Tamil Nadu","12622 New Delhi Chennai Tamil Nadu",
			"12623 Chennai Thiruvananthapuram Mail","12624 Thiruvananthapuram Chennai Mail",
			"12625 Thiruvananthapuram New Delhi Kerala","12626 New Delhi Thiruvananthapuram Kerala",
			"12627 Bangalore New Delhi Karnataka","2628 New Delhi Bangalore Karnataka",
			"12629 Yesvantpur Nizamuddin Karnataka Sampark Kranti","12630 Nizamuddin  Yesvantpur Karnataka Sampark Kranti",
			"12631 Chennai Egmore Tirunelveli Nellai","12632 Egmore Chennai Tirunelveli Nellai",
			"12633 Chennai Egmore Kanniyakumari","12634 Egmore  Chennai Kanniyakumari",
			"12635 Chennai Egmore Madurai Vaigai","12636 Egmore Chennai Madurai Vaigai",
			"12637 Chennai Egmore Madurai Pandiyan","12638 Egmore Chennai Madurai Pandiyan",
			"12639 Chennai Bangalore Brindavan","12640 Bangalore Chennai Brindavan",
			"12641 Kanniyakumari Nizamuddin Thirukkural","12642 Nizamuddin Kanniyakumari Thirukkural",
			"12643 Thiruvananthapuram Nizamuddin","12644 Nizamuddin Thiruvananthapuram",
			"12645 Ernakulam Nizamuddin Millennium","12646 Nizamuddin Ernakulam Millennium",
			"12647 Coimbatore Nizamuddin Kongu","12648 Nizamuddin  Coimbatore Kongu",
			"12649 Yesvantpur Nizamuddin Karnataka Sampark Kranti","12650 Nizamuddin Yesvantpur Karnataka Sampark Kranti",
			"12651 Madurai Nizamuddin Tamil Nadu Sampark Kranti","12652 Nizamuddin Madurai Tamil Nadu Sampark Kranti",
			"12655 Ahmedabad Chennai Navjivan","12656 Chennai Ahmedabad Navjivan",
			"12657 Chennai Bangalore Mail","12658 Bangalore  Chennai Mail",
			"12659 Nagercoil Shalimar Gurudev","12660 Shalimar  Nagercoil Gurudev",
			"12661 Chennai Egmore Sengottai Pothigai","12662 Egmore Chennai Sengottai Pothigai",
			"12663 Howrah Tiruchchirappalli","12664 Tiruchchirappalli Howrah",
			"12665 Howrah Kanniyakumari","12666 Kanniyakumari Howrah",
			"12667 Chennai Egmore Nagercoil","12668 Egmore Chennai Nagercoil",
			"12669 Chennai Chhapra Ganga Kaveri","12670 Chhapra Chennai Ganga Kaveri",
			"12671 Chennai Mettupalayam Nilgiri","12672 Mettupalayam Chennai Nilgiri",
			"12673 Chennai Coimbatore Cheran","12674 Coimbatore Chennai Cheran",
			"12675 Chennai Coimbatore Kovai","12676 Coimbatore Chennai Kovai",
			"12677 Bangalore Ernakulam Intercity","12678 Ernakulam Bangalore Intercity",
			"12679 Chennai Coimbatore Intercity","12680 Coimbatore Chennai Intercity",
			"12681 Chennai Coimbatore","12682 Coimbatore Chennai",
			"12683 Ernakulam Bangalore","12684 Bangalore Ernakulam",
			"12685 Chennai Mangalore","12686 Mangalore Chennai",
			"12687 Madurai Dehradun","12688 Dehradun Madurai",
			"12689 Chennai Nagercoil","12690 Nagercoil Chennai",
			"12691 Chennai Sri Sathya Sai","12692 Sri Sathya Sai Chennai",
			"12693 Chennai Egmore Tuticorin Pearl City","12694 Egmore Chennai Tuticorin Pearl City",
			"12695 Chennai Thiruvananthapuram","12696 Thiruvananthapuram Chennai",
			"12697 Chennai Thiruvananthapuram","12698 Thiruvananthapuram  Chennai",
			"12701 Mumbai CST Hyderabad Hussain Sagar","12702 Hyderabad Mumbai CST Hussain Sagar",
			"12703 Howrah Secunderabad Falaknuma","12704 Secunderabad Howrah Falaknuma",
			"12705 Guntur Secunderabad","12706 Secunderabad Guntur",
			"12707 Tirupati Nizamuddin Andhra Pradesh Sampark Kranti","12708 Nizamuddin Tirupati Andhra Pradesh Sampark Kranti",
			"12709 Gudur Secunderabad Simhapuri","12710 Secunderabad Gudur Simhapuri",
			"12711 Vijayawada Chennai Pinakini","12712 Chennai Vijayawada Pinakini",
			"12713 Vijayawada Secunderabad Satavahana","12714 Secunderabad Vijayawada Satavahana",
			"12715 Hazur Sahib Nanded Amritsar Sachkhand","12716 Amritsar Hazur Sahib Nanded Sachkhand",
			"12717 Visakhapatnam Vijayawada Ratnachal","12718 Vijayawada Visakhapatnam Ratnachal",
			"12719 Ajmer Hyderabad","12720 Ajmer Hyderabad",
			"12721 Hyderabad Nizamuddin Dakshin","12722 Nizamuddin Hyderabad Dakshin",
			"12723 Hyderabad New Delhi Andhra Pradesh","12724 New Delhi Hyderabad Andhra Pradesh",
			"12725 Bangalore  Dharwad Siddhaganga","12726 Dharwad Bangalore Siddhaganga",
			"12727 Visakhapatnam Hyderabad  Godavari","12728 Hyderabad Visakhapatnam  Godavari",
			"12729 Pune Hazur Sahib Nanded","12730 Pune Hazur Sahib Nanded",
			"12731 Tirupati Secunderabad","12732 Secunderabad Tirupati",
			"12733 Tirupati Secunderabad Narayanadri","12734 Secunderabad Tirupati Narayanadri",
			"12735 Secunderabad Yesvantpur Garib Rath","12736 Yesvantpur Secunderabad Garib Rath",
			"12737 Kakinada Port Secunderabad Gautami","12738 Port Secunderabad Kakinada Gautami",
			"12739 Visakhapatnam Secunderabad Garib Rath","12740 Secunderabad Visakhapatnam Garib Rath",
			"12741 Vasco-da-Gama Patna","12742 Patna Vasco-da-Gama",
			"12747 Guntur Vikarabad Palnad","12748 Vikarabad Guntur Palnad",
			"12759 Chennai Hyderabad Charminar","12760 Hyderabad Chennai Charminar",
			"12761 Tirupati Karimnagar","12762 Karimnagar Tirupati",
			"12763 Tirupati Secunderabad Padmavati","12764 Secunderabad Tirupati Padmavati",
			"12765 Tirupati Amravati","12766 Amravati Tirupati",
			"12767 Hazur Sahib Nanded Santragachi","12768 Santragachi Hazur Sahib Nanded",
			"12769 Tirupati Secunderabad Seven Hills","12770 Secunder Tirupatiabad Seven Hills",
			"12771 Secunderabad Nagpur","12772 Nagpur Secunderabad",
			"12773 Shalimar Secunderabad AC","12774 Secunderabad Shalimar AC",
			"12775 Kakinada Secunderabad Cocanada AC","12776 Secunderabad Kakinada Cocanada AC",
			"12777 Hubli Kochuveli","12778 Kochuveli Hubli",
			"12779 Vasco-da-Gama Nizamuddin Goa","12780 Nizamuddin Vasco-da-Gama Goa",
			"12781 Mysore Nizamuddin Swarna Jayanti","12782 Nizamuddin Mysore Swarna Jayanti",
			"12785 Kacheguda Bangalore","12786 Bangalore Kacheguda",
			"12791 Secunderabad Patna","12792 Patna Secunderabad",
			"12797 Kacheguda Chittoor Venkatadri","12798 Chittoor Kacheguda Venkatadri",
			"12801 Puri New Delhi Purushottam","12802 New Delhi Puri Purushottam",
			"12803 Visakhapatnam Nizamuddin Swarna Jayanti","12804 Nizamuddin  Visakhapatnam Swarna Jayanti",
			"12805 Visakhapatnam Secunderabad Janmabhoomi","12806 Secunderabad  Visakhapatnam Janmabhoomi",
			"12807 Visakhapatnam Nizamuddin Samata","12808 Nizamuddin Visakhapatnam Samata",
			"12809 Mumbai CST Howrah Mail","12810 Howrah Mail Mumbai CST",
			"12811 Lokmanya Tilak(T) Hatia","12812 Hatia Lokmanya Tilak(T)",
			"12813 Howrah Tatanagar Steel","12814 Tatanagar Howrah Steel",
			"12815 Puri New Delhi Nandankanan","12816 New Delhi Puri Nandankanan",
			"12817 Hatia(via Bokaro) Anand Vihar(T) Swarna Jayanti","12818 Anand Vihar(T) Hatia(via Bokaro) Swarna Jayanti",
			"12819 New Delhi Bhubaneswar Sampark Kranti","12820 Bhubaneswar New Delhi Sampark Kranti",
			"12821 Howrah Puri Dhauli","12822 Puri Howrah Dhauli",
			"12823 Durg Nizamuddin Sampark Kranti","12824 Nizamuddin Durg Sampark Kranti", 
			"12825 Ranchi(via Bokaro) New Delhi Jharkhand Sampark Kranti","12826 New Delhi Ranchi(via Bokaro) Jharkhand Sampark Kranti",
			"12827 Howrah Purulia","12828 Purulia Howrah",
			"12829 Chennai Bhubaneswar","12830 Bhubaneswar Chennai",
			"12831 Dhanbad Bhubaneswar Garib Rath","12832 Bhubaneswar Dhanbad Garib Rath",
			"12833 Ahmedabad Howrah","12834 Howrah Ahmedabad",
			"12835 Hatia Yesvantpur","12836 Yesvantpur Hatia",
			"12837 Howrah Puri","12838 Puri Howrah",
			"12839 Howrah Chennai Mail","12840 Chennai Howrah Mail",
			"12841 Howrah Chennai Coromandel","12842 Chennai Howrah Coromandel",
			"12843 Puri Ahmedabad","12844 Ahmedabad Puri",
			"12845 Bhubaneswar Yesvantpur","12846 Yesvantpur Bhubaneswar",
			"12847 Howrah Digha AC Duronto","12848 Digha Howrah AC Duronto",
			"12849 Bilaspur Pune","12850 Pune Bilaspur",
			"12851 Bilaspur Chennai","12852 Chennai Bilaspur",
			"12853 Durg Bhopal Amarkantak","12854 Bhopal Durg Amarkantak",
			"12855 Bilaspur Nagpur Intercity","12856 Nagpur Bilaspur Intercity",
			"12857 Howrah Digha Tamralipta","12858 Digha Howrah Tamralipta",
			"12859 Mumbai CST Howrah Gitanjali","12860 Howrah Mumbai CST Gitanjali",
			"12861 Visakhapatnam Nizamuddin Dakshin Link","12862 Nizamuddin Visakhapatnam Dakshin Link",
			"12863 Howrah Yesvantpur","12864 Yesvantpur Howrah",
			"12865 Howrah Purulia Lalmati","12866 Purulia Howrah Lalmati",
			"12867 Howrah Puducherry","12868 Puducherry Howrah",
			"12869 Mumbai CST Howrah","12870 Howrah Mumbai CST",
			"12871 Howrah Titlagarh Ispat","12872 Titlagarh Howrah Ispat",
			"12873 Hatia(via Barkakana) Anand Vihar(T) Jharkhand Swarna Jayanti","12874 Anand Vihar(T) Hatia(via Barkakana) Jharkhand Swarna Jayanti",
			"12875 Puri New Delhi Neelanchal","12876 New Delhi Puri Neelanchal", 
			"12877 Ranchi New Delhi Garib Rath","12878 New Delhi Ranchi Garib Rath",
			"12879 Lokmanya Tilak (T) Bhubaneswar","12880  Bhubaneswar Lokmanya Tilak(T)",
			"12881 Howrah Puri Garib Rath","12882 Puri Howrah Garib Rath",
			"12883 SantraGachi Purulia Rupasi Bangla","12884 Purulia SantraGachi Rupasi Bangla",
			"12885 Shalimar Bhojudih Aranyak","12886 Bhojudih Shalimar Aranyak",
			"12887 Howrah Puri","12888 Puri Howrah",
			"12889 Tatanagar Yesvantpur","12890 Yesvantpur Tatanagar",
			"12891 Bangriposi Bhubaneswar","12892 Bhubaneswar Bangriposi",
			"12893 Bhubaneswar Bolangir","12894 Bolangir Bhubaneswar",
			"12895 Howrah Puri","12896 Puri Howrah",
			"12897 Puducherry Bhubaneswar","12898 Bhubaneswar Puducherry",
			"12901 Mumbai Central Ahmedabad Gujarat Mail","12902 Ahmedabad Mumbai Central Gujarat Mail",
			"12903 Mumbai Central Amritsar Golden Temple Mail","12904 Amritsar Mumbai Central Golden Temple Mail",
			"12905 Porbandar Howrah","12906 Howrah Porbandar",
			"12907 Bandra(T) Nizamuddin Maharashtra Sampark Kranti","12908 Nizamuddin Bandra(T) Maharashtra Sampark Kranti",
			"12909 Bandra(T) Nizamuddin Garib Rath","12910 Nizamuddin Bandra(T) Garib Rath",
			"12911 Valsad Haridwar","12912 Haridwar Valsad",
			"12913 Indore Nagpur Tri Shatabdi","12914 Nagpur Indore Tri Shatabdi",
			"12915 Ahmedabad Delhi Ashram","12916 Delhi Ahmedabad Ashram",
			"12917 Ahmedabad Nizamuddin Gujarat Sampark Kranti","12918 Nizamuddin Ahmedabad Gujarat Sampark Kranti",
			"12919 Indore Jammu Tawi Malwa","12920 Jammu Indore Tawi Malwa",
			"12921 Mumbai Central Surat Flying Ranee","12922 Surat Mumbai Central Flying Ranee",
			"12923 Indore Nagpur","12924 Nagpur Indore",
			"12925 Bandra(T) Amritsar Paschim","12926 Amritsar Bandra(T) Paschim", 
			"12927 Mumbai Central Vadodara","12928 Vadodara Mumbai Central",
			"12931 Mumbai Central Ahmedabad AC Double Decker","12932 Ahmedabad Mumbai Central AC Double Decker",
			"12933 Mumbai Central Ahmedabad Karnavati","12934 Ahmedabad Mumbai Central Karnavati",
			"12935 Bandra(T) Surat","12936 Surat Bandra(T)",
			"12937 Gandhidham Howrah Garbha","12938 Howrah Gandhidham Garbha",
			"12939 Pune Jaipur","12940 Jaipur Pune",
			"12941 Bhavnagar Asansol Parasnath","12942 Asansol Bhavnagar Parasnath",
			"12943 Valsad Kanpur Central Udhyog Karmik","12944 Kanpur Central Valsad Udhyog Karmik",
			"12945 Surat Chhapra Tapti Ganga","12946 Chhapra Surat Tapti Ganga",
			"12947 Ahmedabad Patna Azimabad","12948 Patna Ahmedabad Azimabad",
			"12949 Porbandar Santragachi Kavi Guru","12950 Santragachi Porbandar Kavi Guru",
			"12951 Mumbai Central New Delhi Rajdhani","12952 New Delhi Mumbai Central Rajdhani",
			"12953 Mumbai Central Nizamuddin August Kranti Rajdhani","12954 Nizamuddin Mumbai Central August Kranti Rajdhani",
			"12955 Mumbai Central Jaipur","12956 Jaipur Mumbai Central",
			"12957 Ahmedabad New Delhi Swarna Jayanti Rajdhani","12958 New Delhi Ahmedabad Swarna Jayanti Rajdhani",
			"12959 Dadar Bhuj","12960 Dadar Bhuj",
			"12961 Mumbai Central Indore Avantika","12962 Indore Mumbai Central Avantika",
			"12963 Nizamuddin Udaipur City Mewar","12964 Udaipur City Nizamuddin Mewar",
			"12967 Chennai Jaipur","12968 Jaipur Chennai",
			"12969 Coimbatore Jaipur","12970 Jaipur Coimbatore",
			"12971 Bandra (T) Bhavnagar","12972 Bhavnagar Bandra(T)",
			"12973 Indore Jaipur","12974 Jaipur Indore",
			"12975 Mysore Jaipur","12976 Jaipur Mysore",
			"12977 Ernakulam Ajmer Marusagar","12978 Ajmer Ernakulam Marusagar",
			"12979 Bandra (T) Jaipur","12980 Jaipur Bandra(T)",
			"12981 Delhi Sarai  Rohilla Udaipur City Chetak","12982 Udaipur City Delhi Sarai  Rohilla Chetak",
			"12983 Ajmer Chandigarh Garib Rath","12984 Chandigarh Ajmer Garib Rath",
			"12985 Jaipur Delhi Sarai Rohilla AC Double Decker","12986 Delhi Sarai Rohilla Jaipur AC Double Decker",
			"12987 Sealdah Ajmer","12988 Ajmer Sealdah",
			"12989 Dadar Ajmer","12990 Ajmer Dadar",
			"12991 Udaipur City Jaipur","12992 Jaipur Udaipur City",
			"12993 Gandhidham Puri","12994 Puri Gandhidham",
			"12995 Bandra(T) Udaipur City","12996 Udaipur City Bandra(T)",
			"13005 Howrah Amritsar Mail","13006 Amritsar Howrah Mail",
			"13007 Howrah Sriganganagar Udyan Abha Toofan","13008 Sriganganagar Howrah Udyan Abha Toofan",
			"13009 Howrah Dehradun Doon","13010 Dehradun Howrah Doon",
			"13011 Howrah Malda Town Intercity","13012 Malda Town Howrah Intercity",
			"13017 Howrah Azimganj Ganadevta","13018 Azimganj  Howrah Ganadevta",
			"13019 Howrah Kathgodam Bagh","13020 Kathgodam Howrah Bagh",
			"13021 Howrah Raxaul Mithila","13022 Raxaul Howrah Mithila",
			"13023 Howrah Gaya","13024 Gaya Howrah",
			"13025 Howrah Bhopal","13026 Bhopal Howrah",
			"13027 Howrah Azimganj Kavi Guru","13028 Azimganj Howrah Kavi Guru",
			"13043 Howrah Raxaul","13044 Raxaul Howrah",
			"13049 Howrah Amritsar","13050 Amritsar Howrah",
			"13051 Howrah Siuri Hool","13052 Siuri Howrah Hool",
			"13053 Howrah Siuri","13054 Siuri Howrah",
			"13071 Howrah Jamalpur","13072 Jamalpur Howrah",
			"13103 Sealdah Lal Gola Bhagirathi","13104 Lal Gola Sealdah Bhagirathi",
			"13105 Sealdah Ballia","13106 Ballia Sealdah",
			"13113 Kolkata Lalgola Hazarduari","13114 Lalgola Kolkata Hazarduari",
			"13117 Kolkata Lalgola","13118 Lalgola Kolkata",
			"13119 Sealdah Delhi","13120 Delhi Sealdah",
			"13133 Sealdah Varanasi","13134 Varanasi Sealdah",
			"13135 Kolkata Jaynagar","13136 Jaynagar Kolkata",
			"13137 Barrackpore Azamgarh","13138 Azamgarh Barrackpore",
			"13141 Sealdah Haldibari/New Alipurduar Teesta Torsha","13142 Haldibari/New Alipurduar Sealdah Teesta Torsha",
			"13145 Kolkata Radhikapur","13146 Radhikapur Kolkata",
			"13147 Sealdah New Cooch Behar Uttar Banga","13148 New Cooch Behar Sealdah Uttar Banga",
			"13149 Sealdah Alipurduar Jn. Kanchan Kanya","13150 Alipurduar Jn. Sealdah Kanchan Kanya",
			"13151 Kolkata  Jammu Tawi","13152 Jammu Tawi Kolkata",  
			"13153 Sealdah Malda Town Gour","13154 Malda Town Sealdah Gour",
			"13155 Kolkata Sitamarhi Mithilanchal","13156 Sitamarhi Kolkata Mithilanchal",
			"13157 Kolkata  Muzaffarpur Tirhut","13158 Kolkata  Muzaffarpur Tirhut",
			"13159 Kolkata Jogbani","13160 Jogbani Kolkata",
			"13161 Kolkata Balurghat Tebhaga","13162 Balurghat Kolkata Tebhaga",
			"13163 Sealdah Saharsa Hatey Bazare","13164 Saharsa Sealdah Hatey Bazare",
			"13165 Kolkata Sitamarhi","13166 Sitamarhi Kolkata",
			"13167 Kolkata Agra Cantt","13168 Agra Cantt Kolkata",
			"13185 Sealdah Jaynagar Ganga Sagar","13186 Jaynagar Sealdah Ganga Sagar",
			"13187 Sealdah Rampurhat","13188 Rampurhat Sealdah",
			"13201 Rajendranagar Lokmanya Tilak(T)","13202 Lokmanya Tilak(T) Rajendranagar",
			"13225 Jaynagar Danapur","13226 Danapur Jaynagar",
			"13233 Rajgir Danapur","13234 Danapur Rajgir",
			"13235 Sahibganj Danapur Intercity","13236 Danapur Sahibganj Intercity",
			"13237 Patna Kota(via Faizabad)","13238 Kota(via Faizabad) Patna",
			"13239 Patna Kota(via Sultanpur)","13240 Kota(via Sultanpur) Patna",
			"13241 Banka Rajendra nagar","13242 Rajendra nagar Banka",
			"13245 New Jalpaiguri Danapur Capital","13246 Danapur  New Jalpaiguri Capital",
			"13247 Kamakhya Danapur Capital","13248 Danapur Kamakhya Capital",
			"13255 Patliputra Chandigarh","13256 Chandigarh Patliputra",
			"13281 New Tinsukia Rajendra Nagar","13282 Rajendra Nagar New Tinsukia",
			"13287 Durg Danapur South Bihar","13288 Danapur Durg South Bihar",
			"13301 Dhanbad Tatanagar Suvarna Rekha","13302 Tatanagar Dhanbad Suvarna Rekha",
			"13307 Dhanbad Firozpur Cantt. Ganga Sutlej","13308 Firozpur Cantt. Dhanbad Ganga Sutlej",
			"13329 Dhanbad Patna Ganga Damodar","13330 Patna Dhanbad Ganga Damodar",
			"13331 Dhanbad Patna","13332 Patna Dhanbad",
			"13345 Varanasi Singrauli  Intercity","13346 Singrauli Varanasi Intercity",
			"13347 Barkakana Patna Palamau","13348 Patna Barkakana Palamau",
			"13351 Dhanbad Alappuzha","13352 Alappuzha Dhanbad",
			"13401 Bhagalpur Danapur Intercity","13402 Danapur Bhagalpur Intercity",
			"13403 Ranchi Bhagalpur Vananchal","13404 Bhagalpur Ranchi Vananchal",
			"13413 Malda Town Delhi Farakka","13414 Delhi Malda Town Farakka",
			"13415 Malda Town Patna","13416 Malda Town Patna",
			"13417 Digha Malda Town","13418 Malda Town Digha",
			"13419 Bhagalpur Muzaffarpur Jan Sewa","13420 Muzaffarpur Bhagalpur Jan Sewa",
			"13423 Bhagalpur Ajmer","13424 Ajmer Bhagalpur",
			"13425 Malda Town Surat","13426 Surat Malda Town",
			"13465 Howrah Malda Town Intercity","13466 Malda Town Howrah Intercity",
			"13483 Malda Town Delhi Farakka","13484 Delhi Malda Town Farakka",
			"13507 Asansol Gorakhpur","13508 Gorakhpur Asansol",
			"13509 Asansol Gonda","13510 Gonda Asansol",
			"13511 Tatanagar Asansol","13512 Asansol Tatanagar",
			"14001 Delhi Atari Link","14002 Atari  Delhi Link",
			"14003 Malda Town  New Delhi","14004 New Delhi Malda Town",
			"14005 Sitamarhi Anand Vihar(T) Lichchavi","14006 Anand Vihar(T) Sitamarhi Lichchavi",
			"14007 Raxaul Delhi Sadhbhavana","14008 Delhi Raxaul Sadhbhavana",
			"14009 Chhindwara Delhi Sarai Rohilla Patalkot","14010 Delhi Sarai Rohilla Chhindwara Patalkot",
			"14011 Delhi Hoshiarpur","14012 Hoshiarpur Delhi",
			"14013 Sultanpur Delhi Sadhbhavana","14014 Delhi Sultanpur Sadhbhavana",
			"14015 Raxaul Delhi Sadhbhavana","14016 Delhi Raxaul Sadhbhavana",
			"14017 Raxaul Delhi Sadhbhavana","14018 Delhi Raxaul Sadhbhavana",
			"14033 Delhi Udhampur Jammu Mail","14034 Udhampur Delhi Jammu Mail",
			"14035 Delhi Pathankot Dhauladhar","14036 Pathankot Delhi Dhauladhar",
			"14037 Delhi Pathankot(via Amritsar)","14038 Pathankot(via Amritsar) Delhi",
			"14041 Delhi Sarai Rohilla Dehradun Mussoorie","14042 Dehradun Delhi Sarai Rohilla Mussoorie",
			"14043 Kotdwara Delhi Garhwal","14044 Delhi Kotdwara Garhwal", 
			"14055 Dibrugarh Delhi Brahmaputra Mail","14056 Delhi Dibrugarh Brahmaputra Mail",
			"14095 Delhi Sarai Rohilla Kalka Himalayan Queen","14096 Kalka Delhi Sarai Rohilla Himalayan Queen",
			"14115 Allahabad Haridwar","14116 Haridwar Allahabad",
			"14119 Kathgodam Dehradun","14120 Dehradun Kathgodam",
			"14151 Kanpur Anand Vihar(T)","14152 Anand Vihar(T) Kanpur",
			"14163 Allahabad Meerut City Sangam","14164 Meerut City Allahabad Sangam",
			"14203 Varanasi Lucknow Intercity","14204 Lucknow Varanasi Intercity",
			"14205 Faizabad Delhi","14206 Delhi Faizabad",
			"14207 Pratapgarh Delhi Padmavat","14208 Delhi Pratapgarh Padmavat",
			"14209 Vindyachal Lucknow Intercity","14210 Lucknow Vindyachal Intercity",
			"14211 Agra Cantt. New Delhi Intercity","14212 New Delhi Agra Cantt. Intercity",
			"14213 Varanasi Gonda Intercity","14214 Gonda Varanasi Intercity",
			"14215 Allahabad Lucknow Ganga Gomti","14216 Lucknow Allahabad Ganga Gomti",
			"14217 Allahabad Chandigarh Unchahar","14218 Chandigarh Allahabad Unchahar",
			"14219 Varanasi Lucknow","14220 Lucknow Varanasi",
			"14227 Varanasi Lucknow Varuna","14228 Lucknow Varanasi Varuna",
			"14235 Varanasi Bareilly","14236 Bareilly Varanasi",
			"14257 Varanasi New Delhi Kashi Vishwanath","14258 New Delhi Varanasi Kashi Vishwanath", 
			"14259 Rameswaram Varanasi","14260 Varanasi Rameswaram",
			"14265 Varanasi Dehradun","14266 Dehradun Varanasi",
			"14307 Prayag Bareilly","14308 Bareilly Prayag",
			"14309 Ujjain Dehradun","14310 Dehradun Ujjaini",
			"14311 Bareilly Bhuj(via Ahmedabad) Ala Hazrat","14312 Bhuj(via Ahmedabad) Bareilly Ala Hazrat",
			"14313 Lokmanya Tilak(T) Bareilly","14314 Bareilly Lokmanya Tilak(T)",
			"14315 Bareilly New Delhi Intercity","14316 New Delhi Bareilly Intercity",
			"14317 Indore Dehradun","14318 Dehradun Indore",
			"14321 Bareilly Bhuj(via Bhildi) Ala Hazrat","14322 Bhuj(via Bhildi) Bareilly Ala Hazrat",
			"14323 New Delhi Rohtak","14324 Rohtak New Delhi",
			"14369 Singrauli Bareilly Triveni","14370 Bareilly Singrauli Triveni",
			"14501 Batinda Jammu Tawi","14502 Jammu Tawi Batinda",
			"14511 Allahabad Saharanpur Nauchandi","14512 Saharanpur Allahabad Nauchandi",
			"14521 Delhi Ambala Cantt.","14522 Ambala Cantt. Delhi",
			"14523 Muzaffarpur Ambala Cantt. Hariharnath","14524 Ambala Cantt. Muzaffarpur Hariharnath",
			"14525 Ambala Cantt. Sriganganagar Intercity","14526 Sriganganagar Ambala Cantt. Intercity",
			"14553 Delhi Amb Andaura Himachal","14554 Amb Delhi Andaura Himachal",
			"14555 Bareilly Delhi","14556 Delhi Bareilly",
			"14605 Lalkuan Amritsar","14606 Amritsar Lalkuan",
			"14609 Rishikesh Jammu Tawi Hemkunt","14610 Jammu Tawi Rishikesh Hemkunt",
			"14625 Delhi Sarai Rohilla Firozpur","14626  Firozpur Delhi Sarai Rohilla",
			"14631 Dehradun Amritsar","14632 Amritsar Dehradun",
			"14645 Delhi Jammu Tawi Shalimar","14646 Jammu Tawi Delhi Shalimar",
			"14649 Jaynagar Amritsar Saryu Yamuna","14650 Amritsar Jaynagar Saryu Yamuna",
			"14659 Delhi  Jaisalmer","14660 Jaisalmer Delhi",
			"14673 Jaynagar Amritsar Shaheed","14674 Amritsar Jaynagar Shaheed",
			"14681 New Delhi Jalandhar","14682 Jalandhar New Delhi",
			"14705 Delhi Sarai Rohilla Sujangarh Salasar","14706 Sujangarh  Delhi Sarai Rohilla Salasar",
			"14707 Bikaner Bandra(T) Ranakpur","14708 Bandra(T) Bikaner Ranakpur",
			"14709 Bikaner Puri","14710 Puri Bikaner",
			"14711 Rishikesh Sri Ganganagar Intercity","14712 Sri Ganganagar Rishikesh Intercity",
			"14723 Kanpur Central Bhiwani Kalindi","14724 Bhiwani Kanpur Central Kalindi",
			"14731 Delhi Fazilka","14732 Fazilka Delhi",
			"14803 Bhagat Ki Kothi Ahmedabad","14804 Ahmedabad Bhagat Ki Kothi",
			"14805 Yesvantpur Barmer","14806 Barmer Yesvantpur",
			"14809 Jaisalmer Jodhpur","14810 Jodhpur Jaisalmer",
			"14853 Varanasi Jodhpur(via Faizabad) Marudhar","14854 Jodhpur(via Faizabad) Varanasi Marudhar",
			"14863 Varanasi Jodhpur(via Sultanpur) Marudhar","14864 Jodhpur(via Sultanpur) Varanasi Marudhar",
			"14865 Varanasi Jodhpur(via Rae Bareli) Marudhar","14866 Jodhpur(via Rae Bareli) Varanasi Marudhar",
			"14887 Kalka Barmer Chandigarh","14888 Barmer Kalka Chandigarh",
			"14889 Bhagat ki Kothi(Jodhpur)  Munabao Link","14890 Munabao Bhagat ki Kothi(Jodhpur) Link",
			"15001 Muzaffarpur Dehradun","15002 Dehradun Muzaffarpur",
			"15003 Kanpur Anwarganj Gorakhpur Chauri Chaura","15004 Anwarganj Kanpur Gorakhpur Chauri Chaura",
			"15005 Gorakhpur Dehradun","15006 Dehradun Gorakhpur",
			"15007 Manduadih Lucknow Krishak","15008 Lucknow Manduadih Krishak",
			"15009 Lucknow Jabalpur Chitrakoot","15010 Jabalpur Lucknow Chitrakoot",
			"15011 Lucknow  Chandigarh","15012 Chandigarh Lucknow",
			"15013 Bhagat Ki Kothi Kathgodam Ranikhet","15014 Kathgodam Bhagat Ki Kothi Ranikhet",
			"15015 Gorakhpur Yesvantpur","15016 Yesvantpur Gorakhpur",
			"15017 Lokmanya Tilak(T) Gorakhpur Kashi","15018 Gorakhpur Lokmanya Tilak(T) Kashi",
			"15021 Shalimar Gorakhpur","15022 Gorakhpur Shalimar",
			"15023 Gorakhpur Yesvantpur","15024 Yesvantpur Gorakhpur",
			"15025 Mau Anand Vihar(T)","15026 Anand Vihar(T) Mau", 
			"15027 Hatia Gorakhpur Maurya","15028 Gorakhpur Hatia Maurya",
			"15033 Haridwar Ram Nagar","15034 Ram Nagar Haridwar",
			"15035 Delhi Kathgodam Sampark Kranti Uttaranchal","15036 Kathgodam Delhi Sampark Kranti Uttaranchal",
			"15047 Kolkata Gorakhpur Purvanchal","15048 Gorakhpur Kolkata Purvanchal",
			"15049 Kolkata Gorakhpur","15050 Gorakhpur Kolkata",
			"15051 Kolkata  Gorakhpur","15052 Gorakhpur Kolkata",
			"15097 Bhagalpur Jammu Tawi Amarnath","15098 Jammu Tawi Bhagalpur Amarnath",
			"15103 Gorakhpur Manduadih","15104 Manduadih Gorakhpur",
			"15107 Chhapra Mathura","15108 Mathura Chhapra",
			"15111 Chhapra Manduadih Intercity","15112 Manduadih Chhapra Intercity",
			"15115 Chhapra Delhi","15116 Delhi Chhapra",
			"15117 Chhapra Durg","15118 Durg Chhapra",
			"15159 Muzaffarpur Gondia Sarnath","15160 Gondia Muzaffarpur Sarnath",
			"15201 Hajipur Raxaul Intercity","15202 Raxaul Hajipur Intercity",
			"15203 Barauni Lucknow","15204 Lucknow Barauni",
			"15209 Saharsa Amritsar Jan Sewa","15210 Amritsar Saharsa Jan Sewa",
			"15211 Darbhanga Amritsar Jan Nayak","15212 Amritsar Darbhanga Jan Nayak",
			"15215 Muzaffarpur Narkatiaganj","15216 Narkatiaganj Muzaffarpur",
			"15227 Yesvantpur Muzaffarpur","15228 Muzaffarpur Yesvantpur",
			"15233 Kolkata Darbhanga","15234 Darbhanga Kolkata",
			"15235 Darbhanga Howrah","15236 Howrah Darbhanga",
			"15273 Raxaul Delhi Satyagraha ","15274 Delhi Raxaul Satyagraha ",
			"15279 Saharsa Adarshnagar Poorabiya","15280 Adarshnagar Saharsa Poorabiya",
			"15307 Bareilly Aishbagh Nainital","15308 Aishbagh Bareilly Nainital",
			"15315 Gonda Kasganj Gokul","15316 Kasganj Gonda Gokul",
			"15603 Kamakhya Ledo Intercity","15604 Ledo Kamakhya Intercity",
			"15605 Kamakhya Mariani Intercity","15606 Mariani Kamakhya Intercity",
			"15615 Kamakhya Tezpur Intercity","15616 Tezpur Kamakhya Intercity",
			"15619 Gaya Kamakhya","15620 Kamakhya Gaya",
			"15621 Kamakhya Anand Vihar(T)","15622 Anand Vihar(T) Kamakhya",
			"15629 Chennai Egmore Guwahati","15630 Egmore Chennai Guwahati",
			"15631 Barmer Guwahati","15632 Guwahati Barmer",
			"15635 Okha Guwahati Dwarka","15636 Guwahati Okha Dwarka",
			"15639 Puri Guwahati","15640 Guwahati Puri",
			"15643 Puri Kamakhya","15644 Kamakhya Puri",
			"15645 Lokmanya Tilak(T) Guwahati","15646 Tilak(T) Lokmanya Guwahati",
			"15647 Lokmanya Tilak(T) Guwahati","15648 Tilak(T) Lokmanya Guwahati",
			"15651 Guwahati Jammu Tawi Lohit","15652 Jammu Tawi Guwahati Lohit",
			"15653 Guwahati Jammu Tawi Amarnath","15654 Jammu Tawi Guwahati Amarnath",
			"15657 Sealdah Guwahati Kanchenjunga","15658 Guwahati Sealdah Kanchenjunga",
			"15661 Ranchi Kamakhya","15662 Kamakhya Ranchi",
			"15665 Kamakhya Dimapur","15666 Dimapur Kamakhya",
			"15667 Gandhidham Kamakhya","15668 Kamakhya Gandhidham",
			"15669 Kamakhya Dimapur","15670 Dimapur Kamakhya",
			"15707 Katihar Amritsar","15708 Katihar Amritsar",
			"15711 Howrah Katihar","15712 Katihar Howrah",
			"15713 Katihar Patna Intercity","15714 Patna Katihar Intercity",
			"15715 New Jalpaiguri Ajmer Garib Nawaz","15716 Ajmer New Jalpaiguri Garib Nawaz",
			"15719 Katihar Siliguri Intercity","15720 Siliguri Katihar Intercity",
			"15721 Digha New Jalpaiguri Paharia","15722 New Jalpaiguri Digha Paharia",
			"15723 New Jalpaiguri Sitamarhi","15724 Sitamarhi New Jalpaiguri",
			"15817 Dhubri Silghat Town Rajya Rani","15818 Silghat Town Dhubri Rajya Rani",
			"15901 Bangalore Dibrugarh","15902 Dibrugarh Bangalore",
			"15903 Dibrugarh Chandigarh","15904 Chandigarh Dibrugarh",
			"15905 Kanniyakumari Dibrugarh Vivek","15906 Dibrugarh Kanniyakumari Vivek",
			"15927 Kamakhya Dibrugarh","15928 Dibrugarh Kamakhya",
			"15929 Chennai Egmore Dibrugarh","15930 Egmore Chennai Dibrugarh",
			"15933 Dibrugarh Amritsar","15934 Amritsar Dibrugarh",
			"15941 Jhajha Dibrugarh","15942 Dibrugarh Jhajha",
			"15959 Howrah Dibrugarh Kamrup","15960 Dibrugarh Howrah Kamrup",
			"16003 Chennai Nagarsol","16004 Nagarsol Chennai",
			"16021 Chennai Mysore Kaveri","16022 Mysore Chennai Kaveri",
			"16031 Chennai Jammu Tawi Andaman","16032 Jammu Tawi Chennai Andaman",
			"16053 Chennai Tirupati","16054 Tirupati Chennai",
			"16057 Chennai Tirupati Sapthagiri","16058 Tirupati Chennai Sapthagiri",
			"16093 Chennai Lucknow Jn.","16094 Chennai Lucknow Jn.",
			"16101 Chennai Egmore Rameswaram","16102 Rameswaram Chennai Egmore ",
			"16105 Chennai Egmore Tiruchendur","16106 Tiruchendur Chennai Egmore",
			"16115 Chennai Egmore Puducherry","16116 Puducherry Chennai Egmore",
			"16125 Chennai Egmore Jodhpur","16126 Jodhpur Chennai Egmore",
			"16127 Chennai Egmore Guruvayur","16128 Guruvayur Chennai Egmore",
			"16129 Chennai Egmore Tuticorin Link","16130 Tuticorin Chennai Egmore Link",
			"16175 Chennai Egmore Karaikal","16176 Karaikal Chennai Egmore",
			"16177 Chennai Egmore Tiruchchirappalli Rockfort","16178 Tiruchchirappalli Chennai Egmore Rockfort",
			"16179 Chennai Egmore Mannargudi Mannai","16180 Mannargudi Chennai Egmore Mannai", 
			"16181 Chennai Egmore Karaikkudi Silambu","16182 Karaikkudi Chennai Egmore Silambu",
			"16183 Chennai Egmore Thanjavur","16184 Thanjavur Chennai Egmore",
			"16185 Chennai Egmore Velankanni Link","16186 Velankanni Chennai Egmore Link",
			"16187 Karaikkal Ernakulam","16188 Ernakulam Karaikkal",
			"16201 Bangalore Shimoga Town Intercity","16202 Shimoga Town Bangalore Intercity",
			"16203 Chennai Tirupati","16204 Tirupati Chennai",
			"16205 Talguppa Mysore Intercity","16206 Mysore  Talguppa Intercity",
			"16209 Ajmer Mysore","16210 Mysore Ajmer",
			"16215 Mysore Bangalore Chamundi","16216 Bangalore Mysore Chamundi",
			"16217 Mysore Sai Nagar Shirdi","16218 Sai Nagar Shirdi Mysore",
			"16227 Bangalore Talguppa","16228 Talguppa Bangalore",
			"16231 Mayiladuturai Mysore","16232 Mysore Mayiladuturai",
			"16301 Shoranur Thiruvananthapuram Venad","16302 Thiruvananthapuram  Shoranur Venad",
			"16303 Ernakulam Thiruvananthapuram  Vanchinad","16304 Thiruvananthapuram Ernakulam  Vanchinad",
			"16305 Ernakulam Kannur Intercity","16306 Kannur Ernakulam Intercity",
			"16307 Alappuzha Kannur","16308 Kannur Alappuzha",
			"16311 Bikaner Kochuveli","16312 Kochuveli Bikaner",
			"16313 Ernakulam Kannur","16314 Kannur Ernakulam",
			"16315 Bangalore Kochuveli","16316 Kochuveli Bangalore",
			"16317 Kanniyakumari Jammu Tawi Himsagar","16318 Jammu Tawi Kanniyakumari Himsagar",
			"16331 Mumbai CST Thiruvananthapuram","16332 Thiruvananthapuram Mumbai CST",
			"16333 Veraval Thiruvananthapuram","16334 Thiruvananthapuram Veraval",
			"16335 Gandhidham Nagercoil","16336 Gandhidham Nagercoil",
			"16337 Okha Ernakulam","16338 Ernakulam Okha",
			"16339 Mumbai CST Nagercoil","16340 Nagercoil Mumbai CST",
			"16341 Guruvayur Thiruvananthapuram Intercity","16342 Thiruvananthapuram Guruvayur Intercity",
			"16343 Thiruvananthapuram Palakkad Town Amritha","16344 Palakkad Town Thiruvananthapuram Amritha",
			"16345 Lokmanya Tilak(T) Thiruvananthapuram Netravati","16346 Thiruvananthapuram Lokmanya Tilak(T) Netravati",
			"16347 Thiruvananthapuram Mangalore Central","16348 Mangalore Central Thiruvananthapuram",
			"16349 Thiruvananthapuram Nilambur Road Rajya Rani","16350 Nilambur Road Thiruvananthapuram Rajya Rani",
			"16351 Mumbai CST Nagercoil","16352 Nagercoil Mumbai CST",
			"16359 Ernakulam Patna","16360 Patna Ernakulam",
			"16381 Mumbai CST Kanniyakumari","16382 Kanniyakumari Mumbai CST",
			"16501 Ahmedabad Yesvantpur","16502 Yesvantpur Ahmedabad",
			"16505 Gandhidham Bangalore","16506 Bangalore Gandhidham",
			"16507 Jodhpur Bangalore","16508 Bangalore Jodhpur",
			"16515 Yesvantpur Karwar","16516 Karwar Yesvantpur",
			"16517 Yesvantpur Kannur","16518 Kannur Yesvantpur",
			"16525 Kanniyakumari Bangalore","16526 Bangalore Kanniyakumari",
			"16527 Yesvantpur Kannur","16528 Yesvantpur Kannur",
			"16531 Ajmer Bangalore Garib Nawaz","16532 Bangalore Ajmer Garib Nawaz",
			"16533 Jodhpur Bangalore","16534 Bangalore Jodhpur",
			"16535 Mysore Solapur Golgumbaz","16536 Solapur Mysore Golgumbaz",
			"16537 Bangalore Nagercoil","16538 Nagercoil Bangalore",
			"16557 Mysore Bangalore Rajya Rani","16558 Mysore Bangalore Rajya Rani",
			"16561 Yesvantpur Kochuveli AC","16562 Kochuveli Yesvantpur AC",
			"16565 Yesvantpur Mangalore","16566 Mangalore Yesvantpur",
			"16569 Yesvantpur Kacheguda","16570 Kacheguda Yesvantpur",
			"16589 Bangalore Sri Chhatrapati Shahu Maharaj (T) Rani Chennamma","16590 Sri Chhatrapati Shahu Maharaj (T) Bangalore Rani Chennamma",
			"16591 Hubli Mysore Hampi","16592 Mysore Hubli Hampi",
			"16593 Hazur Sahib Nanded Bangalore","16594 Bangalore Hazur Sahib Nanded",
			"16603 Mangalore Central Thiruvananthapuram  Maveli","16604 Thiruvananthapuram Mangalore Central  Maveli",
			"16605 Mangalore Central Nagercoil Ernad","16606 Nagercoil Mangalore Central Ernad",
			"16609 Nagercoil Coimbatore","16610 Coimbatore Nagercoil",
			"16611 Tuticorin Coimbatore Link","16612 Coimbatore Tuticorin Link",
			"16613 Rajkot Coimbatore","16614 Coimbatore Rajkot",
			"16615 Mannargudi Coimbatore Chemmozhi","16616 Coimbatore Mannargudi Chemmozhi",
			"16617 Rameswaram Coimbatore","16618 Coimbatore Rameswaram",
			"16629 Thiruvananthapuram Mangalore Central Malabar","16630 Mangalore Central Thiruvananthapuram Malabar",
			"16649 Mangalore Central Nagercoil Parasuram","16650 Nagercoil Mangalore Central Parasuram",
			"16687 Mangalore Central Jammu Tawi Navyug","16688 Jammu Tawi Mangalore Central Navyug",
			"16713 Chennai Egmore Rameswaram","16714 Rameswaram Chennai Egmore",
			"16723 Chennai Egmore Thiruvananthapuram Ananthapuri","16724 Thiruvananthapuram Chennai Egmore Ananthapuri",
			"16733 Rameswaram Okha","16734 Okha Rameswaram",
			"16779 Tirupati Rameswaram","16780 Rameswaram Tirupati",
			"16787 Tirunelveli Jammu Tawi Link","16788 Jammu Tawi Tirunelveli Link",
			"16853 Chennai Egmore Tiruchchirappalli","16854 Tiruchchirappalli Chennai Egmore",
			"16857 Puducherry Mangalore","16858 Mangalore Puducherry",
			"16859 Chennai Egmore Mangalore","16860 Mangalore Chennai Egmore",
			"16861 Puducherry Kanniyakumari","16862 Kanniyakumari Puducherry",
			"17001 Sai Nagar Shirdi Secunderabad","17002 Secunderabad Sai Nagar Shirdi",
			"17005 Hyderabad Raxaul","17006 Raxaul Hyderabad",
			"17007 Secunderabad Darbhanga","17008 Darbhanga Secunderabad",
			"17013 Pune Hyderabad","17014 Hyderabad Pune",
			"17015 Bhubaneswar Secunderabad Visakha","17016 Secunderabad Bhubaneswar Visakha",
			"17017 Rajkot Secunderabad","17018 Rajkot Secunderabad", 
			"17019 Hyderabad Ajmer","17020 Ajmer Hyderabad",
			"17031 Mumbai CST Hyderabad","17032 Hyderabad Mumbai CST",
			"17035 Secunderabad Sirpur Kagaznagar Telengana","17036 Sirpur Secunderabad Kagaznagar Telengana",
			"17037 Secunderabad Bikaner","17038 Bikaner Secunderabad",
			"17057 Mumbai CST Secunderabad Devgiri","17058 Secunderabad Mumbai CST Devgiri",
			"17063 Manmad Secunderabad","17064 Secunderabad Manmad",
			"17201 Guntur Secunderabad Golconda","17202 Secunderabad Guntur Golconda", 
			"17203 Bhavnagar Kakinada Town","17204 Kakinada Town Bhavnagar",
			"17205 Sai Nagar Shirdi Kakinada Town","17206 Kakinada Town Sai Nagar Shirdi",
			"17207 Sai Nagar Shirdi Vijayawada","17208 Vijayawada Sai Nagar Shirdi", 
			"17209 Bangalore Kakinada Town Seshadri","17210 Kakinada Town  Bangalore Seshadri",
			"17211 Machilipatnam Yesvantpur Kondaveedu","17212 Yesvantpur Machilipatnam Kondaveedu",
			"17213 Narsapur Nagarsol","17214 Nagarsol Narsapur",
			"17221 Kakinada Lokmanya Tilak(T)","17222 Lokmanya Tilak(T) Kakinada", 
			"17223 Secunderabad Kurnool Town","17224 Kurnool Town Secunderabad",
			"17225 Vijayawada Hubli Amaravati","17226 Hubli  Vijayawada Amaravati",
			"17229 Kochuveli Hyderabad Sabari","17230 Hyderabad Kochuveli Sabari", 
			"17231 Narsapur Nagarsol","17232 Nagarsol Narsapur",
			"17233 Secunderabad Balharshah Bhagyanagar","17234 Balharshah Secunderabad Bhagyanagar",
			"17235 Bangalore Nagercoil","17236 Nagercoil Bangalore",
			"17239 Guntur Visakhapatnam Simhadri","17240 Visakhapatnam  Guntur Simhadri",
			"17255 Narsapur Hyderabad","17256 Hyderabad Narsapur",
			"17301 Mysore Dharwad","17302 Dharwad Mysore",
			"17305 Londa/Hubli Nizamuddin Link","17306 Nizamuddin Londa/Hubli Link",
			"17307 Mysore Bagalkot Basava","17308 Bagalkot Mysore Basava",
			"17309 Yesvantpur Vasco-da-Gama","17310 Vasco-da-Gama Yesvantpur",
			"17311 Chennai Vasco-da-Gama","17312 Vasco-da-Gama Chennai",
			"17313 Chennai Hubli","17314 Hubli Chennai",
			"17315 Vasco-da-Gama Velankanni","17316 Velankanni Vasco-da-Gama",
			"17317 Hubli Lokmanya Tilak(T)","17318 Lokmanya Tilak(T) Hubli",
			"17401 Tirupati Machilipatnam/Narasapur","17402 Machilipatnam/Narasapur Tirupati",
			"17405 Tirupati Adilabad Krishna","17406 Adilabad Tirupati Krishna",
			"17407 Tirupati Mannargudi Pamani","17408 Mannargudi Tirupati Pamani",
			"17411 Mumbai CST Sri Chhatrapati Shahu Maharaj (T) Mahalaxmi","17412 Sri Chhatrapati Shahu Maharaj (T) Mumbai CST Mahalaxmi",
			"17415 Tirupati Sri Chhatrapati Shahu Maharaj (T) Haripriya","17416 Sri Chhatrapati Shahu Maharaj (T) Tirupati Haripriya",
			"17429 Hyderabad Tirupati Rayalaseema","17430 Tirupati Hyderabad Rayalaseema",
			"17479 Puri Tirupati","17480 Tirupati Puri",
			"17481 Bilaspur Tirupati","17482 Tirupati Bilaspur",
			"17487 Tirupati Visakhapatnam Thirumala","17488 Visakhapatnam Tirupati Thirumala", 
			"17603 Kacheguda Yesvantpur","17604 Yesvantpur Kacheguda",
			"17605 Kacheguda Mangalore","17606 Mangalore Kacheguda",
			"17609 Patna Purna","17610 Purna Patna",
			"17613 Pune Hazur Sahib Nanded","17614 Hazur Sahib Nanded Pune",
			"17615 Kacheguda Madurai","17616 Madurai Kacheguda",
			"17617 Mumbai CST Hazur Sahib Nanded Tapovan","17618 Hazur Sahib Nanded Mumbai CST Tapovan",
			"17639 Kacheguda Akola","17640 Akola Kacheguda",
			"17643 Chennai Egmore Kakinada Port Circar","17644 Kakinada Port Chennai Egmore Circar",
			"17651 Chennai Egmore Kacheguda","17652 Kacheguda Chennai Egmore",
			"17687 Manmad Dharmabad","17688 Dharmabad Manmad",
			"18001 Howrah Digha Kandari","18002 Digha Howrah Kandari",
			"18005 Howrah Jagdalpur","18006 Jagdalpur Howrah",
			"18009 Santragachi Ajmer","18010 Ajmer Santragachi",
			"18029 Lokmanya Tilak(T) Shalimar","18030 Shalimar Lokmanya Tilak(T)",
			"18047 Howrah Vasco-da-Gama Amravati","18048 Vasco-da-Gama Howrah Amravati",
			"18101 Tatanagar Jammu Tawi","18102 Jammu Tawi Tatanagar",
			"18103 Tatanagar Amritsar Jallianwalabagh","18104 Amritsar Tatanagar Jallianwalabagh",
			"18105 Rourkela Bhubaneswar Intercity","18106 Bhubaneswar Rourkela Intercity",
			"18107 Rourkela Koraput","18108 Koraput Rourkela",
			"18109 Rourkela Jammu Tawi Link","18110 Jammu Tawi Rourkela Link",
			"18181 Tatanagar Chhapra","18182 Chhapra Tatanagar",
			"18183 Tatanagar Danapur","18184 Danapur Tatanagar",
			"18189 Tatanagar Alappuzha Link","18190 Alappuzha Tatanagar Link", 
			"18191 Chhapra Farukkhabad","18192 Farukkhabad Chhapra",
			"18201 Durg Nautanwa","18202 Nautanwa Durg",
			"18203 Durg Kanpur Central Betwa","18204 Kanpur Central Durg Betwa",
			"18205 Durg Nautanwa","18206 Nautanwa Durg",
			"18207 Durg Ajmer","18208 Ajmer Durg",
			"18209 Dallirajhara Raipur","18210 Raipur Dallirajhara",
			"18211 Durg Jagdalpur","18212 Jagdalpur Durg",
			"18213 Durg Jaipur","18214 Jaipur Durg",
			"18215 Durg Jammu Tawi","18216 Jammu Tawi Durg",
			"18233 Indore Bilaspur Narmada","18234 Bilaspur Indore Narmada",
			"18235 Bhopal Bilaspur","18236 Bilaspur Bhopal",
			"18237 Bilaspur Amritsar Chattisgarh","18238 Amritsar Bilaspur Chattisgarh",
			"18239 Gevra Road Nagpur","18240 Nagpur Bilaspur",
			"18241 Durg Ambikapur","18242 Ambikapur Durg",
			"18301 Sambalpur Rayagada","18302 Rayagada Sambalpur",
			"18303 Sambalpur Puri","18304 Puri Sambalpur",
			"18309 Sambalpur Hazur Sahib Nanded Nagavalli","18310 Hazur Sahib Nanded Sambalpur Nagavalli",
			"18311 Sambalpur Varanasi","18312 Varanasi Sambalpur",
			"18401 Puri Okha","18402 Okha Puri",
			"18403 Chakradharpur Barbil Intercity","18404 Barbil Chakradharpur Intercity",
			"18405 Puri Ahmedabad(via Sambalpur)","18406 Ahmedabad(via Sambalpur) Puri",
			"18407 Puri Sai Nagar Shirdi","18408 Sai Nagar Shirdi Puri",
			"18409 Howrah Puri Sri Jagannath","18410 Puri Howrah Sri Jagannath",
			"18411 Bhubaneswar Visakhapatnam Intercity","18412 Visakhapatnam Bhubaneswar Intercity",
			"18415 Barbil Puri","18416 Puri Barbil",
			"18417 Rourkela Bhubaneswar Rajya Rani","18418 Bhubaneswar Rourkela Rajya Rani",
			"18419 Puri Jaynagar","18420 Jaynagar Puri",
			"18421 Puri Ajmer","18422 Ajmer Puri",
			"18425 Puri Durg","18426 Durg Puri",
			"18437 Bhubaneswar Junagarh Link","18438 Junagarh Bhubaneswar Link",
			"18447 Bhubaneswar Jagdalpur Hirakhand","18448 Jagdalpur Bhubaneswar Hirakhand",
			"18449 Puri Patna Baidyanathdham","18450 Patna Puri Baidyanathdham",
			"18451 Hatia Puri Tapaswini","18452 Puri Hatia Tapaswini",
			"18463 Bhubaneswar Bangalore Prasanthi","18464 Bangalore Bhubaneswar Prasanthi",
			"18473 Puri Jodhpur","18474 Jodhpur Puri",
			"18477 Puri Haridwar Utkal","18478 Haridwar Puri Utkal",
			"18495 Rameswaram Bhubaneswar","18496 Bhubaneswar Rameswaram",
			"18501 Visakhapatnam Gandhidham","18502 Gandhidham Visakhapatnam",
			"18507 Visakhapatnam Amritsar Hirakud","18508 Amritsar Visakhapatnam Hirakud",
			"18509 Visakhapatnam Hazur Sahib Nanded","18510 Hazur Sahib Nanded Visakhapatnam",
			"18515 Tatanagar Visakhapatnam","18516 Visakhapatnam Tatanagar",
			"18519 Visakhapatnam Lokmanya Tilak(T)","18520 Lokmanya Tilak(T) Visakhapatnam",
			"18517 Korba Visakhapatnam","18518 Visakhapatnam Korba",
			"18567 Visakhapatnam Kollam","18568 Kollam Visakhapatnam",
			"18573 Visakhapatnam Bhagat Ki Kothi(Jodhpur)","18574 Bhagat Ki Kothi(Jodhpur) Visakhapatnam",
			"18603 Ranchi Bhagalpur(via Kiul)","18604 Bhagalpur(via Kiul) Ranchi",
			"18605 Ranchi Jaynagar","18606 Ranchi Jaynagar",
			"18609 Ranchi Lokmanya Tilak(T)","18610 Lokmanya Tilak(T) Ranchi",
			"18611 Ranchi Varanasi","18612 Varanasi Ranchi",
			"18615 Howrah Hatia","18616 Hatia Howrah",
			"18619 Ranchi Dumka Intercity","18620 Dumka Ranchi Intercity",
			"18621 Patna Hatia Pataliputra","18622 Hatia Patna Pataliputra",
			"18623 Rajendranagar Hatia","18624 Hatia Rajendranagar",
			"18625 Patna Hatia","18626 Hatia Patna",
			"18627 Howrah Ranchi(via Asansol) Intercity","18628 Ranchi(via Asansol) Howrah Intercity",
			"18631 Ranchi Ajmer Garib Nawaz","18632 Ajmer Ranchi Garib Nawaz",
			"18637 Hatia Yesvantpur","18638 Yesvantpur Hatia",
			"18645 Howrah Hyderabad East Coast","18646 Hyderabad Howrah East Coast",
			"19005 Mumbai Central Okha Saurashtra Mail","19006 Okha Mumbai Central Saurashtra Mail",
			"19011 Mumbai Central Ahmedabad Gujarat","19012 Ahmedabad Mumbai Central Gujarat",
			"19017 Bandra(T) Jamnagar Saurashtra Janata","19018 Jamnagar Bandra(T) Saurashtra Janata",
			"19019 Bandra(T) Dehradun","19020 Dehradun Bandra(T)",
			"19023 Mumbai Central Firozpur Janata","19024 Firozpur Mumbai Central Janata",
			"19027 Bandra(T) Jammu Tawi Vivek","19028 Jammu Tawi Bandra(T) Vivek",
			"19029 Bandra(T) Delhi Sarai Rohilla","19030 Delhi Sarai Rohilla Bandra(T)",
			"19037 Bandra(T) Gorakhpur Avadh","19038 Gorakhpur Bandra(T) Avadh",
			"19039 Bandra(T) Muzaffarpur Avadh","19040 Muzaffarpur Bandra(T) Avadh",
			"19047 Surat Bhagalpur","19048 Bhagalpur Surat",
			"19049 Bandra(T) Patna","19050 Patna Bandra(T)",
			"19051 Valsad Muzaffarpur Shramik","19052 Muzaffarpur Valsad Shramik",
			"19053 Surat Muzaffarpur","19054 Muzaffarpur Surat",
			"19055 Valsad Jodhpur","19056 Jodhpur Valsad",
			"19057 Udhna Varanasi","19058 Varanasi Udhna",
			"19059 Surat Hapa/Jamnagar","19060 Hapa/Jamnagar Surat",
			"19061 Bandra(T) Ramnagar","19062 Ramnagar Bandra(T)",
			"19065 Bandra(T) Jodhpur","19066 Jodhpur Bandra(T)",
			"19107 Ahmedabad Udhampur Janmabhoomi","19108 Udhampur Ahmedabad Janmabhoomi",
			"19115 Bandra(T) Bhuj Sayaji Nagari","19116 Bhuj Bandra(T) Sayaji Nagari",
			"19131 Bandra(T) Bhuj Kutch","19132 Bandra(T) Bhuj Kutch",
			"19165 Ahmedabad Darbhanga  Sabarmati","19166 Darbhanga Ahmedabad Sabarmati",
			"19167 Ahmedabad Varanasi Sabarmati","19168 Varanasi Ahmedabad Sabarmati",
			"19201 Secunderabad Porbandar","19202 Porbandar Secunderabad",
			"19215 Mumbai Central Porbandar Saurashtra","19216 Porbandar Mumbai Central Saurashtra",
			"19221 Ahmedabad Veraval Somnath","19222 Veraval Ahmedabad Somnath",
			"19223 Ahmedabad Jammu Tawi","19224 Jammu Tawi Ahmedabad",
			"19225 Bhatinda Jammu Tawi","19226 Jammu Tawi Bhatinda",
			"19251 Somnath Okha","19252 Okha Somnath",
			"19259 Kochuveli Bhavnagar","19260 Bhavnagar Kochuveli",
			"19261 Kochuveli Porbandar","19262 Porbandar Kochuveli",
			"19263 Porbandar Delhi Sarai Rohilla","19264 Delhi Sarai Rohilla Porbandar",
			"19269 Porbandar Muzaffarpur","19270 Muzaffarpur Porbandar",
			"19301 Indore Yesvantpur","19302 Yesvantpur Indore",
			"19307 Indore Chandigarh","19308 Chandigarh Indore",
			"19309 Gandhinagar Indore Shanti","19310 Indore Shanti Gandhinagar",
			"19311 Pune Indore","19312 Indore Pune",
			"19313 Indore Rajendranagar","19314 Rajendranagar Indore",
			"19321 Indore Rajendranagar","19322 Rajendranagar Indore",
			"19323 Indore Habibganj Intercity","19324 Habibganj Indore Intercity",
			"19325 Indore Amritsar","19326 Amritsar Indore",
			"19329 Indore Udaipur City","19330 Udaipur City Indore",
			"19403 Ahmedabad Sultanpur","19404 Sultanpur Ahmedabad",
			"19407 Ahmedabad Varanasi","19408 Varanasi Ahmedabad",
			"19409 Ahmedabad Gorakhpur","19410 Gorakhpur Ahmedabad",
			"19411 Ahmedabad Ajmer Intercity","19412 Ajmer Ahmedabad Intercity",
			"19451 Gandhidham Bandra(T)","19452 Bandra(T) Gandhidham",
			"19567 Tuticorin Okha Vivek","19568 Okha Tuticorin Vivek",
			"19569 Okha Varanasi","19570 Varanasi Okha",
			"19573 Okha Jaipur","19574 Jaipur Okha",
			"19575 Okha Nathdwara","19576 Nathdwara Okha",
			"19577 Hapa Tirunelveli","19578 Tirunelveli Hapa",
			"19601 Udaipur City New Jalpaiguri","19602 New Jalpaiguri Udaipur City",
			"19607 Kolkata Udaipur City","19608 Udaipur City Kolkata",
			"19609 Ajmer Haridwar","19610 Haridwar Ajmer",
			"19653 Ratlam Ajmer","19654 Ajmer Ratlam",  
			"19659 Shalimar Udaipur City","19660 Udaipur City Shalimar",
			"19665 Udaipur City Khajuraho","19666 Khajuraho Udaipur City",
			"19707 Bandra(T) Jaipur Aravali","19708 Jaipur Bandra(T) Aravali",
			"19709 Kamakhya Jaipur Kavi Guru","19710 Jaipur Kamakhya Kavi Guru",
			"19711 Bhopal Jaipur","19712 Jaipur Bhopal",
			"19713 Jaipur Secunderabad","19714 Secunderabad Jaipur",
			"19715 Jaipur Lucknow","19716 Lucknow Jaipur",
			"19801 Kota Indore Intercity","19802 Indore Kota Intercity",
			"19803 Kota Jammu Tawi","19804 Jammu Tawi Kota",
			"19943 Udaipur City Ahmedabad","19944 Ahmedabad Udaipur City",
			"21107 Khajuraho Varanasi Link","21108 Varanasi Khajuraho Link",
			"21125 Indore Bhind","21126 Bhind Indore", 
			"22101 Lokmanya Tilak(T) Manmad Rajya Rani","22102  Manmad Lokmanya Tilak(T) Rajya Rani",
			"22103 Lokmanya Tilak (T) Faizabad","22104 Faizabad Lokmanya Tilak (T)",
			"22105 Mumbai CST Pune Indrayani","22106 Pune Mumbai CST Indrayani",
			"22109 Lokmanya Tilak(T) Nizamuddin","22110 Nizamuddin Lokmanya Tilak(T)",
			"22111 Bhusaval Nagpur","22112 Nagpur Bhusaval",
			"22113 Lokmanya Tilak(T) Kochuveli","22114 Kochuveli Lokmanya Tilak(T)",
			"22131 Pune Manduadih","22132 Manduadih Pune",
			"22133 Solapur Yesvantpur","22134 Yesvantpur Solapur",
			"22145 Pandarpur Miraj","22146 Miraj Pandarpur",
			"22149 Ernakulam Pune","22150 Pune Ernakulam",
			"22161 Bhopal Damoh Rajya Rani","22162 Damoh Bhopal Rajya Rani",
			"22181 Jabalpur Nizamuddin Gondwana","22182 Nizamuddin Jabalpur Gondwana",
			"22183 Habibganj Indore AC Double Decker","22184 Indore Habibganj AC Double Decker",
			"22185 Bhopal Indore AC Double Decker","22186 Indore Bhopal AC Double Decker",
			"22187 Habibganj Jabalpur Intercity","22188 Jabalpur Habibganj Intercity",
			"22201 Sealdah Puri Duronto","22202 Puri Sealdah Duronto",
			"22203 Visakhapatnam Secunderabad AC Duronto","22204 Secunderabad Visakhapatnam AC Duronto",
			"22205 Chennai Madurai AC Duronto","22206 Madurai Chennai AC Duronto",
			"22207 Chennai Thiruvananthapuram AC Duronto","22208 Thiruvananthapuram Chennai AC Duronto",
			"22209 Mumbai Centrtal New Delhi AC Duronto","22210 New Delhi Mumbai Centrtal AC Duronto",
			"22213 Shalimar Patna Duronto","22214 Patna Shalimar Duronto",
			"22309 Howrah New Jalpaiguri AC","22310 New Jalpaiguri Howrah AC",
			"22351 Pataliputra Yesvantpur","22352 Yesvantpur Pataliputra", 
			"22401 Delhi Sarai Rohilla Udhampur AC","22402 Udhampur Delhi Sarai Rohilla AC",
			"22403 Puducherry New Delhi","22404 New Delhi Puducherry",
			"22405 Bhagalpur Anand Vihar(T) Garib Rath","22406 Anand Vihar(T) Bhagalpur Garib Rath",
			"22407 Varanasi Anand Vihar(T) Garib Rath","22408 Anand Vihar(T) Varanasi Garib Rath",
			"22409 Sasaram Anand Vihar(T) Garib Rath","22410 Anand Vihar(T) Sasaram Garib Rath",
			"22447 Khajuraho Nizamuddin Link","22448 Nizamuddin Khajuraho Link",
			"22451 Bandra(T) Chandigarh","22452 Chandigarh Bandra(T)",
			"22453 Lucknow Meerut City Rajya Rani","22454 Meerut City Lucknow Rajya Rani",
			"22455 Sai Nagar Shirdi Kalka","22456 Kalka Sai Nagar Shirdi",
			"22457 Hazur Saheb Nanded Nangal Dam","22458 Nangal Dam Hazur Saheb Nanded",
			"22461 New Delhi Katra AC","22462 Katra New Delhi AC",
			"22471 Bikaner Delhi Sarai Rohilla Intercity","22472 Delhi Sarai Rohilla Bikaner Intercity",
			"22473 Bikaner Bandra(T)","22474 Bandra(T) Bikaner",
			"22475 Bikaner Coimbatore AC","22476 Coimbatore Bikaner AC",
			"22477 Jodhpur Jaipur","22478 Jaipur Jodhpur",
			"22481 Jodhpur Delhi Sarai Rohilla","22482 Delhi Sarai Rohilla Jodhpur",
			"22487 Radhikapur Anand Vihar(T) Link","22488 Anand Vihar(T) Radhikapur Link",
			"22601 Chennai Sai Nagar Shirdi","22602 Sai Nagar Shirdi Chennai",
			"22603 Kharagpur Villupuram","22604 Villupuram Kharagpur",
			"22605 Purulia Villupuram","22606 Villupuram Purulia",
			"22607 Ernakulam Bangalore","22608 Bangalore Ernakulam",
			"22609 Mangalore Central Coimbatore Intercity","22610 Coimbatore Mangalore Central Intercity",
			"22611 Chennai New Jalpaiguri","22612 New Jalpaiguri Chennai",
			"22613 Chennai Haldia","22614 Haldia Chennai",
			"22615 Tirupati Coimbatore Intercity","22616 Coimbatore Tirupati Intercity",
			"22617 Bangalore Tirupati Intercity","22618 Tirupati Bangalore Intercity",
			"22619 Bilaspur Tirunelveli","22620 Tirunelveli Bilaspur",
			"22625 Chennai Bangalore AC Double Decker","22626 Bangalore Chennai AC Double Decker",
			"22627 Tiruchchirappalli Tirunelveli Intercity","22628 Tirunelveli Tiruchchirappalli Intercity",
			"22629 Dadar Tirunelveli","22630 Tirunelveli Dadar",
			"22631 Chennai Bikaner AC","22632 Bikaner Chennai AC",
			"22633 Thirunanthapuram Nizamuddin","22634 Nizamuddin Thirunanthapuram",
			"22635 Madgaon Mangalore Intercity","22636 Mangalore Madgaon Intercity",
			"22681 Mysore Chennai","22682 Chennai Mysore",
			"22683 Yesvantpur Lucknow","22684 Lucknow Yesvantpur",
			"22685 Yesvantpur Chandigarh Karnataka Sampark Kranti","22686 Chandigarh Yesvantpur Karnataka Sampark Kranti",
			"22691 Bangalore Nizamuddin Rajdhani","22692 Nizamuddin Bangalore Rajdhani", 
			"22693 Bangalore Nizamuddin Rajdhani","22694 Nizamuddin Bangalore Rajdhani",
			"22801 Visakhapatnam Sai Nagar Shirdi","22802 Sai Nagar Shirdi Visakhapatnam",
			"22803 Howrah Sambalpur","22804 Sambalpur Howrah",
			"22805 Bhubaneswar New Delhi Via Sambalpur","22806 New Delhi Bhubaneswar Via Sambalpur",
			"22807 Santragachi Chennai AC","22808 Chennai Santragachi AC",
			"22811 Bhubaneswar New Delhi Rajdhani","22812 New Delhi Bhubaneswar Rajdhani",
			"22815 Bilaspur Ernakulam","22816 Ernakulam Bilaspur",
			"22817 Howrah Mysore","22818 Mysore Howrah",
			"22823 Bhubaneswar New Delhi Rajdhani","22824 New Delhi Bhubaneswar Rajdhani",
			"22825 Shalimar Chennai","22826 Chennai Shalimar",
			"22827 Puri Surat","22828 Surat Puri",
			"22829 Shalimar Bhuj","22830 Bhuj Shalimar",
			"22831 Howrah Sri Sathya Sai Prashanti Nilayam ","22832 Sri Sathya Sai Howrah Prashanti Nilayam ",
			"22835 Shalimar Puri","22836 Puri Shalimar",
			"22843 Bilaspur Patna","22844 Patna Bilaspur",
			"22845 Pune Hatia","22846 Hatia Pune",
			"22847 Visakhapatnam Lokmanya Tilak(T)","22848 Lokmanya Tilak(T) Visakhapatnam",
			"22849 Shalimar Secunderabad","22850 Secunderabad Shalimar",
			"22851 Santragachi Mangalore Vivek","22852 Mangalore Santragachi Vivek",
			"22853 Shalimar Visakhapatnam","22854 Visakhapatnam Shalimar",
			"22855 Santragachi Tirupati","22856 Tirupati Santragachi",
			"22859 Puri Chennai","22860 Chennai Puri",
			"22865 Lokmanya Tilak(T) Puri","22866 Puri Lokmanya Tilak(T)",
			"22869 Visakhapatnam Chennai","22870 Chennai Visakhapatnam",
			"22871 Bhubaneswar Tirupati","22872 Tirupati Bhubaneswar",
			"22873 Digha Visakhapatnam","22874 Visakhapatnam Digha",
			"22877 Digha Puri","22878 Puri Digha",
			"22879 Bhubaneswar Tirupati","22880 Tirupati Bhubaneswar",
			"22881 Pune Bhubaneswar","22882 Bhubaneswar Pune",
			"22883 Puri Yesvantpur Garib Rath","22884 Yesvantpur Puri Garib Rath",
			"22889 Digha Puri","22890 Puri Digha",
			"22893 Sai Nagar Shirdi Howrah","22894 Howrah Sai Nagar Shirdi",
			"22901 Bandra(T) Udaipur City","22902 Udaipur City Bandra(T)",
			"22903 Bandra(T) Bhuj AC","22904 Bhuj Bandra(T) AC",
			"22905 Okha Howrah Link","22906 Howrah Okha Link",
			"22907 Madgaon Hapa","22908 Hapa Madgaon",
			"22909 Valsad Puri","22910 Puri Valsad",
			"22915 Bandra(T) Hisar","22916 Hisar Bandra(T)",
			"22917 Bandra(T) Haridwar","22918 Haridwar Bandra(T)",
			"22981 Kota Sri Ganga Nagar","22982 Sri Ganga Nagar Kota",
			"23225 Saharsa Danapur Link","23226 Danapur Saharsa Link",
			"23347 Patna Singrauli Link","23348 Singrauli Patna Link",
			"24227 Varanasi Kanpur","24228 Kanpur Varanasi",
			"24369 Shakthinagar Bareilly Triveni","24370 Bareilly Shakthinagar Triveni",
			"24887 Haridwar Barmer Link","24888 Barmer Haridwar Link", 
			"25631 Bikaner Guwahati","25632 Guwahati Bikaner",
			"29019 Meerut Mandsor Link","29020 Mandsor Meerut Link",
			"52545 Kurseong Darjeeling","52544 Darjeeling Kurseong",
			"52546 Ghum Darjeeling",
			"52457 Kalka Shimla","52458 Shimla Kalka",
			"52451 Kalka Shimla Shivalik","52452 Shimla Kalka Shivalik",
			"52453 Kalka Shimla Mail","52454 Shimla Kalka Mail",
			"52455 Kalka Shimla","52456 Shimla Kalka",  
			"56137 Udagamandalam Mettupalayam","56136 Mettupalayam Udagamandalam",
			"56139 Coonoor Udagamandalam","56138 Udagamandalam Coonoor",
			"84369 Barwadih Bareilly","84370 Bareilly Barwadih",

			
	};
}
